-- phpMyAdmin SQL Dump
-- version 5.2.1
-- https://www.phpmyadmin.net/
--
-- Anamakine: 127.0.0.1:3306
-- Üretim Zamanı: 28 Ara 2025, 12:16:18
-- Sunucu sürümü: 9.1.0
-- PHP Sürümü: 8.3.14

SET SQL_MODE = "NO_AUTO_VALUE_ON_ZERO";
START TRANSACTION;
SET time_zone = "+00:00";


/*!40101 SET @OLD_CHARACTER_SET_CLIENT=@@CHARACTER_SET_CLIENT */;
/*!40101 SET @OLD_CHARACTER_SET_RESULTS=@@CHARACTER_SET_RESULTS */;
/*!40101 SET @OLD_COLLATION_CONNECTION=@@COLLATION_CONNECTION */;
/*!40101 SET NAMES utf8mb4 */;

--
-- Veritabanı: `enterprise`
--

-- --------------------------------------------------------

--
-- Tablo için tablo yapısı `araclar`
--

DROP TABLE IF EXISTS `araclar`;
CREATE TABLE IF NOT EXISTS `araclar` (
  `arac_id` int NOT NULL AUTO_INCREMENT,
  `arac_model` varchar(255) COLLATE utf8mb4_turkish_ci DEFAULT NULL,
  `vites_turu` varchar(50) COLLATE utf8mb4_turkish_ci DEFAULT NULL,
  `kapasite` varchar(255) COLLATE utf8mb4_turkish_ci DEFAULT NULL,
  `hacim` varchar(255) COLLATE utf8mb4_turkish_ci DEFAULT NULL,
  `segment_id` int DEFAULT NULL,
  `yakit_id` int DEFAULT NULL,
  PRIMARY KEY (`arac_id`),
  KEY `yakit_id` (`yakit_id`),
  KEY `segment_id` (`segment_id`)
) ENGINE=InnoDB AUTO_INCREMENT=60 DEFAULT CHARSET=utf8mb4 COLLATE=utf8mb4_turkish_ci;

--
-- Tablo döküm verisi `araclar`
--

INSERT INTO `araclar` (`arac_id`, `arac_model`, `vites_turu`, `kapasite`, `hacim`, `segment_id`, `yakit_id`) VALUES
(1, 'Hyundai I20', 'Otomatik', '5 Kişi', '3 Çanta', 1, 1),
(2, 'Ford Tourneo Courier', 'Manuel', '4 Kişi', '5 Çanta', 1, 2),
(3, 'Fiat Egea 1.4', 'Manuel', '5 Kişi', '4 Çanta', 1, 1),
(4, 'Fiat Egea 1.6 Otomatik', 'Otomatik', '5 Kişi', '4 Çanta', 1, 2),
(5, 'Fiat Egea 1.6', 'Manuel', '5 Kişi', '4 Çanta', 1, 2),
(6, 'Ford Puma', 'Otomatik', '5 Kişi', '3 Çanta', 1, 1),
(7, 'Hyundai Bayon Otomatik', 'Otomatik', '5 Kişi', '4 Çanta', 1, 1),
(8, 'Hyundai Bayon ', 'Manuel', '5 Kişi', '4 Çanta', 1, 1),
(9, 'Fiat Egea Hybrid', 'Otomatik', '5 Kişi', '4 Kişi', 1, 3),
(10, 'Fiat Egea Cross', 'Otomatik', '5 Kişi', '2 Çanta', 1, 1),
(11, 'Fiat Egea Cross', 'Otomatik', '5 Kişi', '2 Çanta', 1, 2),
(12, 'Nissan Juke', 'Otomatik', '5 Kişi', '4 Çanta', 1, 1),
(13, 'Toyota Corolla', 'Otomatik', '5 Kişi', '4 Çanta', 2, 1),
(14, 'Toyota Corolla Hybrid', 'Otomatik', '5 Kişi', '4 Çanta', 2, 3),
(15, 'Skoda Scala', 'Otomatik', '5 Kişi', '4 Çanta', 2, 1),
(16, 'Ford Focus', 'Manuel', '5 Kişi', '4 Çanta', 2, 2),
(17, 'Ford Focus', 'Manuel', '5 Kişi', '4 Çanta', 2, 1),
(18, 'Renault Megane ', 'Otomatik', '5 Kişi', '4 Çanta', 2, 1),
(19, 'Renault Megane', 'Otomatik', '5 Kişi', '4 Çanta', 2, 2),
(20, 'Peugeot 2008', 'Otomatik', '5 Kişi', '4 Çanta', 3, 2),
(21, 'Citroen C4', 'Otomatik', '5 Kişi', '5 Çanta', 3, 2),
(22, 'Peugeot 3008 ', 'Otomatik', '5 Kişi', '5 Çanta', 3, 2),
(23, 'MG ZS', 'Otomatik', '5 Kişi', '4 Çanta', 3, 1),
(24, 'Dacia Sandero Stepway', 'Otomatik', '5 Kişi', '3 Çanta', 3, 1),
(25, 'BMW X1', 'Otomatik', '5 Kişi', '5 Çanta', 3, 1),
(26, 'Peugeot 2008', 'Otomatik', '5 Kişi', '4 Çanta', 3, 1),
(27, 'Ford Ranger 4X4 Pickup', 'Otomatik', '5 Kişi', '5 Çanta', 3, 2),
(28, 'Nissan Navara', 'Manuel', '5 Kişi', '5 Çanta', 3, 2),
(29, 'Hyundai Tucson', 'Otomatik', '5 Kişi', '5 Çanta', 3, 1),
(30, 'Toyota Hilux 4X4 / 4X2', 'Manuel', '5 Kişi', '5 Çanta', 3, 2),
(31, 'Toyota Corolla Cross Hybrid', 'Otomatik', '5 Kişi', '2 Çanta', 3, 3),
(32, 'Ford Kuga', 'Otomatik', '5 Kişi', '5 Çanta', 3, 1),
(33, 'MG HS', 'Otomatik', '5 Kişi', '4 Çanta', 3, 1),
(34, 'Lexus LBX Emotion', 'Otomatik', '5 Kişi', '2 Çanta', 3, 3),
(35, 'BMW X1 Plug-in Hybrid', 'Otomatik', '5 Kişi', '5 Çanta', 3, 3),
(36, 'Peugeot 3008 Hybrid', 'Otomatik', '5 Kişi ', '5 Çanta', 3, 3),
(37, 'Citroen C5 Aircross', 'Otomatik', '5 Kişi', '5 Çanta', 3, 2),
(38, 'Mercedes Vito', 'Otomatik', '8 Kişi', '3 Çanta', 4, 2),
(39, 'Ford Tourneo Custom', 'Otomatik', '9 Kişi', '3 Çanta', 4, 2),
(40, 'Ford Transit 350L Panelvan', 'Manuel', '3 Kişi', '10 Çanta', 4, 2),
(41, 'Hyundai Staria', 'Otomatik', '8 Kişi', '3 Çanta', 4, 2),
(42, 'Mini Cooper Countryman', 'Otomatik', '5 Kişi', '4 Çanta', 5, 1),
(43, 'Mercedes C200', 'Otomatik', '5 Kişi', '5 Çanta', 5, 2),
(44, 'Mercedes C200 Hybrid', 'Otomatik', '5 Kişi ', '4 Çanta', 5, 3),
(45, 'BMW 1.16', 'Otomatik', '5 Kişi', '4 Çanta', 5, 1),
(46, 'BMW 2.16 Gran Coupe', 'Otomatik', '5 Kişi', '5 Çanta', 5, 2),
(47, 'Mercedes GLA200 AMG', 'Otomatik', '5 Kişi', '4 Çanta', 5, 1),
(48, 'Mercedes GLB200 AMG', 'Otomatik', '5 Kişi', '5 Çanta', 5, 1),
(49, 'BMW X2', 'Otomatik', '5 Kişi', '5 Çanta', 5, 1),
(50, 'Peugeot 408', 'Otomatik', '5 Kişi', '4 Çanta', 5, 1),
(51, 'BMW 1.20', 'Otomatik', '5 Kişi', '4 Çanta', 5, 1),
(52, 'BMW 5.20 Luxury Line', 'Otomatik', '5 Kişi', '4 Çanta', 6, 1),
(53, 'BMW X3', 'Otomatik', '5 Kişi', '5 Çanta', 6, 1),
(54, 'BMW 5.20', 'Otomatik', '5 Kişi', '5 Çanta', 6, 1),
(55, 'BMW 4.20', 'Otomatik', '5 Kişi', '5 Çanta', 6, 1),
(56, 'Renault Zoe E-Tech', 'Otomatik', '5 Kişi', '4 Çanta', 7, 4),
(57, 'BMW IX1', 'Otomatik', '5 Kişi', '5 Çanta', 7, 4),
(58, 'BYD ATTO 3', 'Otomatik', '5 Kişi', '2 Çanta', 7, 4),
(59, 'Mini Countryman E-Favoured', 'Otomatik', '5 Kişi', '2 Çanta', 7, 4);

-- --------------------------------------------------------

--
-- Tablo için tablo yapısı `bakim`
--

DROP TABLE IF EXISTS `bakim`;
CREATE TABLE IF NOT EXISTS `bakim` (
  `bakim_id` int NOT NULL AUTO_INCREMENT,
  `bakim_tarihi` date DEFAULT NULL,
  `arac_id` int DEFAULT NULL,
  `masraf` decimal(15,2) DEFAULT NULL,
  PRIMARY KEY (`bakim_id`),
  KEY `arac_id` (`arac_id`)
) ENGINE=InnoDB AUTO_INCREMENT=340 DEFAULT CHARSET=utf8mb4 COLLATE=utf8mb4_turkish_ci;

--
-- Tablo döküm verisi `bakim`
--

INSERT INTO `bakim` (`bakim_id`, `bakim_tarihi`, `arac_id`, `masraf`) VALUES
(1, '2021-11-01', 1, 2000.00),
(2, '2022-11-01', 1, 5400.00),
(3, '2021-10-06', 1, 6026.00),
(4, '2024-03-19', 1, 8121.00),
(5, '2021-12-03', 2, 4302.00),
(6, '2025-12-17', 2, 7400.00),
(7, '2023-01-23', 3, 8616.00),
(8, '2024-05-21', 3, 7795.00),
(9, '2023-03-14', 3, 5267.00),
(10, '2022-10-13', 3, 6291.00),
(11, '2021-08-30', 3, 6952.00),
(12, '2025-01-26', 3, 8702.00),
(13, '2025-08-14', 3, 7795.00),
(14, '2023-02-26', 3, 6340.00),
(15, '2024-03-24', 3, 4957.00),
(16, '2021-03-21', 4, 9985.00),
(17, '2022-01-13', 4, 7814.00),
(18, '2022-09-16', 4, 9477.00),
(19, '2025-08-03', 4, 4962.00),
(20, '2021-08-03', 5, 5467.00),
(21, '2023-09-09', 5, 6374.00),
(22, '2025-12-28', 5, 5581.00),
(23, '2025-09-06', 6, 4756.00),
(24, '2021-02-16', 6, 5801.00),
(25, '2024-01-17', 6, 5762.00),
(26, '2024-03-31', 6, 5706.00),
(27, '2025-03-15', 6, 4057.00),
(28, '2023-02-06', 7, 4150.00),
(29, '2023-03-20', 7, 9358.00),
(30, '2024-05-20', 8, 8151.00),
(31, '2024-12-11', 8, 5848.00),
(32, '2022-03-13', 8, 9504.00),
(33, '2022-10-04', 8, 6170.00),
(34, '2023-08-18', 8, 7632.00),
(35, '2021-06-06', 8, 9432.00),
(36, '2021-07-18', 8, 5715.00),
(37, '2023-05-29', 8, 8007.00),
(38, '2022-12-05', 9, 5018.00),
(39, '2021-10-01', 9, 6700.00),
(40, '2022-02-16', 9, 6925.00),
(41, '2024-03-18', 9, 5527.00),
(42, '2021-05-27', 9, 4090.00),
(43, '2023-03-26', 10, 5004.00),
(44, '2024-07-07', 10, 9244.00),
(45, '2021-08-24', 10, 7014.00),
(46, '2022-02-24', 10, 7472.00),
(47, '2025-06-16', 10, 5464.00),
(48, '2023-12-23', 10, 6105.00),
(49, '2022-06-13', 10, 4532.00),
(50, '2024-12-28', 11, 6131.00),
(51, '2022-02-06', 11, 4796.00),
(52, '2025-11-11', 12, 7690.00),
(53, '2023-07-16', 12, 7616.00),
(54, '2025-07-11', 12, 6576.00),
(55, '2021-01-07', 12, 8478.00),
(56, '2022-08-06', 12, 5389.00),
(57, '2025-03-05', 12, 7762.00),
(58, '2024-06-23', 12, 5558.00),
(59, '2025-05-31', 12, 9828.00),
(60, '2023-12-19', 12, 9152.00),
(61, '2025-04-12', 13, 6827.00),
(62, '2022-09-05', 13, 7301.00),
(63, '2023-01-21', 13, 9450.00),
(64, '2021-02-20', 13, 4369.00),
(65, '2021-04-12', 13, 7493.00),
(66, '2022-01-30', 13, 8992.00),
(67, '2021-11-27', 13, 9832.00),
(68, '2025-09-11', 13, 5102.00),
(69, '2023-11-19', 14, 8079.00),
(70, '2023-12-23', 14, 8486.00),
(71, '2024-10-11', 14, 9912.00),
(72, '2023-01-19', 14, 6336.00),
(73, '2025-03-10', 14, 8124.00),
(74, '2023-11-06', 14, 5311.00),
(75, '2021-06-18', 15, 6942.00),
(76, '2023-05-30', 15, 9850.00),
(77, '2024-10-05', 15, 9830.00),
(78, '2022-09-08', 15, 9340.00),
(79, '2022-08-18', 15, 7216.00),
(80, '2024-06-18', 15, 9798.00),
(81, '2022-04-16', 16, 6705.00),
(82, '2021-05-10', 16, 5343.00),
(83, '2023-06-14', 16, 8783.00),
(84, '2024-10-03', 16, 9401.00),
(85, '2022-07-24', 16, 4009.00),
(86, '2023-04-24', 16, 6099.00),
(87, '2023-03-12', 16, 8872.00),
(88, '2024-05-15', 17, 4327.00),
(89, '2021-05-22', 17, 5046.00),
(90, '2022-03-13', 17, 9748.00),
(91, '2023-10-15', 17, 7707.00),
(92, '2021-07-12', 18, 6832.00),
(93, '2021-11-02', 18, 9048.00),
(94, '2022-09-08', 18, 7328.00),
(95, '2022-12-11', 18, 7928.00),
(96, '2021-07-02', 19, 9000.00),
(97, '2021-10-30', 19, 8876.00),
(98, '2022-12-16', 19, 4578.00),
(99, '2023-05-08', 19, 9879.00),
(100, '2022-02-18', 19, 9090.00),
(101, '2022-03-20', 19, 6267.00),
(102, '2021-12-01', 19, 5327.00),
(103, '2022-10-18', 19, 9341.00),
(104, '2025-01-08', 19, 7586.00),
(105, '2023-09-26', 20, 8914.00),
(106, '2025-07-08', 20, 8529.00),
(107, '2024-09-26', 21, 9291.00),
(108, '2022-04-24', 21, 8078.00),
(109, '2024-06-08', 21, 7006.00),
(110, '2025-04-15', 21, 5373.00),
(111, '2024-10-22', 21, 6618.00),
(112, '2023-02-05', 21, 8692.00),
(113, '2022-07-26', 21, 5965.00),
(114, '2025-12-11', 21, 8889.00),
(115, '2021-11-09', 22, 4782.00),
(116, '2023-02-07', 22, 4748.00),
(117, '2021-05-07', 22, 4213.00),
(118, '2025-10-29', 23, 5681.00),
(119, '2021-09-24', 23, 5578.00),
(120, '2023-02-06', 23, 6102.00),
(121, '2022-05-19', 23, 9547.00),
(122, '2023-10-01', 23, 4916.00),
(123, '2025-05-13', 24, 4264.00),
(124, '2024-06-23', 24, 4024.00),
(125, '2024-12-04', 24, 8400.00),
(126, '2023-10-28', 24, 6949.00),
(127, '2021-10-19', 24, 5914.00),
(128, '2023-10-28', 24, 9092.00),
(129, '2023-06-13', 24, 7982.00),
(130, '2022-07-10', 24, 6056.00),
(131, '2022-01-29', 24, 6981.00),
(132, '2021-01-15', 25, 7801.00),
(133, '2025-12-11', 25, 9352.00),
(134, '2023-06-21', 25, 7157.00),
(135, '2024-01-01', 25, 9722.00),
(136, '2025-09-30', 25, 6206.00),
(137, '2023-09-23', 25, 7420.00),
(138, '2023-01-04', 25, 8126.00),
(139, '2023-12-13', 25, 9039.00),
(140, '2022-12-20', 26, 6249.00),
(141, '2021-07-03', 26, 5524.00),
(142, '2023-07-03', 26, 6433.00),
(143, '2023-10-21', 26, 8976.00),
(144, '2022-12-21', 26, 8632.00),
(145, '2022-05-12', 26, 5654.00),
(146, '2025-12-08', 27, 7468.00),
(147, '2021-11-28', 27, 4211.00),
(148, '2023-01-29', 27, 4143.00),
(149, '2025-03-13', 27, 7985.00),
(150, '2022-06-24', 27, 8069.00),
(151, '2021-01-03', 27, 7635.00),
(152, '2021-03-30', 27, 8205.00),
(153, '2025-03-19', 28, 6198.00),
(154, '2024-08-17', 28, 9912.00),
(155, '2021-06-08', 28, 9868.00),
(156, '2024-06-28', 28, 6116.00),
(157, '2025-07-01', 28, 6493.00),
(158, '2023-01-13', 28, 9081.00),
(159, '2021-02-12', 28, 9747.00),
(160, '2024-01-05', 28, 5864.00),
(161, '2021-02-05', 28, 8414.00),
(162, '2023-01-31', 29, 5481.00),
(163, '2022-06-05', 29, 9102.00),
(164, '2025-10-13', 29, 6154.00),
(165, '2021-11-23', 29, 7093.00),
(166, '2025-04-29', 29, 4746.00),
(167, '2022-08-04', 29, 6019.00),
(168, '2024-10-24', 30, 5347.00),
(169, '2022-02-28', 30, 5860.00),
(170, '2022-05-12', 30, 8514.00),
(171, '2023-03-05', 30, 7906.00),
(172, '2021-09-12', 30, 8180.00),
(173, '2021-10-21', 30, 6001.00),
(174, '2023-11-09', 30, 9448.00),
(175, '2022-10-02', 30, 9009.00),
(176, '2022-03-10', 31, 8661.00),
(177, '2023-01-02', 31, 5359.00),
(178, '2024-10-07', 31, 8936.00),
(179, '2023-09-11', 31, 9380.00),
(180, '2023-12-13', 31, 7257.00),
(181, '2024-06-01', 32, 7142.00),
(182, '2021-08-28', 32, 9064.00),
(183, '2022-04-18', 32, 6792.00),
(184, '2021-03-18', 32, 7983.00),
(185, '2024-11-14', 32, 5837.00),
(186, '2022-08-27', 32, 6816.00),
(187, '2022-01-26', 32, 6943.00),
(188, '2025-11-30', 33, 5054.00),
(189, '2024-03-21', 33, 6947.00),
(190, '2024-09-30', 33, 9632.00),
(191, '2021-08-20', 33, 7664.00),
(192, '2021-11-22', 33, 8785.00),
(193, '2023-08-03', 33, 7227.00),
(194, '2025-12-16', 34, 6648.00),
(195, '2023-09-12', 34, 6433.00),
(196, '2022-06-05', 34, 9164.00),
(197, '2023-12-23', 34, 7312.00),
(198, '2024-12-20', 35, 7404.00),
(199, '2022-01-16', 35, 9295.00),
(200, '2024-01-07', 35, 6537.00),
(201, '2023-06-15', 35, 5161.00),
(202, '2021-03-14', 35, 8763.00),
(203, '2025-09-20', 35, 4939.00),
(204, '2021-06-07', 35, 4912.00),
(205, '2023-06-28', 35, 4864.00),
(206, '2025-11-27', 36, 7756.00),
(207, '2021-09-29', 36, 6501.00),
(208, '2021-05-15', 36, 6357.00),
(209, '2021-03-08', 36, 6712.00),
(210, '2025-01-28', 36, 9705.00),
(211, '2021-05-02', 36, 7311.00),
(212, '2025-09-25', 37, 4128.00),
(213, '2025-05-24', 37, 5366.00),
(214, '2023-10-13', 37, 8043.00),
(215, '2025-06-20', 37, 6606.00),
(216, '2024-03-07', 37, 4577.00),
(217, '2024-11-29', 37, 6798.00),
(218, '2023-07-18', 37, 9528.00),
(219, '2023-05-09', 38, 7579.00),
(220, '2025-08-07', 38, 6658.00),
(221, '2024-12-07', 38, 7724.00),
(222, '2023-02-23', 39, 8077.00),
(223, '2022-03-01', 39, 8962.00),
(224, '2021-08-25', 39, 8480.00),
(225, '2022-05-01', 39, 9856.00),
(226, '2025-10-09', 40, 4729.00),
(227, '2024-12-10', 40, 5379.00),
(228, '2024-08-21', 40, 6952.00),
(229, '2023-01-04', 40, 4497.00),
(230, '2025-02-03', 40, 9970.00),
(231, '2024-02-03', 40, 9612.00),
(232, '2024-12-13', 40, 8358.00),
(233, '2021-12-16', 40, 9955.00),
(234, '2024-02-16', 40, 4615.00),
(235, '2021-09-30', 41, 9028.00),
(236, '2024-08-06', 41, 8695.00),
(237, '2022-09-22', 42, 4795.00),
(238, '2022-03-24', 42, 5901.00),
(239, '2022-03-28', 42, 9276.00),
(240, '2023-10-08', 42, 5494.00),
(241, '2025-09-06', 42, 7728.00),
(242, '2022-05-09', 42, 9659.00),
(243, '2022-04-30', 42, 6910.00),
(244, '2022-12-23', 42, 8339.00),
(245, '2021-09-10', 42, 4774.00),
(246, '2021-10-07', 42, 5512.00),
(247, '2024-10-23', 43, 5019.00),
(248, '2021-05-17', 43, 7595.00),
(249, '2025-01-01', 43, 9162.00),
(250, '2023-06-27', 43, 8588.00),
(251, '2023-02-09', 43, 9228.00),
(252, '2021-02-09', 44, 6556.00),
(253, '2024-05-31', 44, 4600.00),
(254, '2022-05-08', 44, 4885.00),
(255, '2023-06-06', 44, 4663.00),
(256, '2022-10-31', 44, 6306.00),
(257, '2021-09-30', 44, 4133.00),
(258, '2021-07-08', 45, 4333.00),
(259, '2022-04-22', 45, 9070.00),
(260, '2023-06-20', 45, 8966.00),
(261, '2021-05-11', 45, 4272.00),
(262, '2023-09-28', 45, 5208.00),
(263, '2021-06-19', 45, 4605.00),
(264, '2022-03-23', 45, 7955.00),
(265, '2022-01-12', 45, 4866.00),
(266, '2023-01-12', 46, 9941.00),
(267, '2021-04-14', 46, 6114.00),
(268, '2023-04-20', 46, 8921.00),
(269, '2021-06-28', 46, 7693.00),
(270, '2023-02-20', 47, 4621.00),
(271, '2025-05-25', 47, 8998.00),
(272, '2023-01-13', 47, 9091.00),
(273, '2021-01-08', 48, 5929.00),
(274, '2024-07-12', 48, 8175.00),
(275, '2022-09-04', 49, 8621.00),
(276, '2024-06-27', 49, 8654.00),
(277, '2025-12-09', 49, 6901.00),
(278, '2022-02-06', 49, 4024.00),
(279, '2025-07-30', 49, 8089.00),
(280, '2023-11-06', 49, 7563.00),
(281, '2022-03-28', 49, 5401.00),
(282, '2023-08-04', 49, 9447.00),
(283, '2024-10-05', 49, 5366.00),
(284, '2021-08-11', 50, 6746.00),
(285, '2023-05-12', 50, 9454.00),
(286, '2021-10-01', 50, 4736.00),
(287, '2023-09-28', 50, 9451.00),
(288, '2025-02-21', 50, 9625.00),
(289, '2023-10-24', 50, 8983.00),
(290, '2023-11-21', 50, 4360.00),
(291, '2025-09-10', 50, 4411.00),
(292, '2025-01-06', 50, 7358.00),
(293, '2025-12-26', 51, 4306.00),
(294, '2023-05-26', 51, 7825.00),
(295, '2024-11-13', 51, 5595.00),
(296, '2025-11-07', 51, 9996.00),
(297, '2025-10-14', 51, 7919.00),
(298, '2024-05-02', 52, 4348.00),
(299, '2025-06-12', 52, 8402.00),
(300, '2021-12-31', 52, 9232.00),
(301, '2021-12-30', 52, 5971.00),
(302, '2024-05-26', 52, 6800.00),
(303, '2021-07-21', 52, 6727.00),
(304, '2024-05-23', 52, 9610.00),
(305, '2025-03-17', 53, 7444.00),
(306, '2021-09-23', 53, 4957.00),
(307, '2024-06-29', 53, 9488.00),
(308, '2024-07-09', 54, 7688.00),
(309, '2021-04-28', 54, 5525.00),
(310, '2023-07-28', 54, 6219.00),
(311, '2022-03-28', 54, 9364.00),
(312, '2021-12-18', 55, 4858.00),
(313, '2021-04-24', 55, 4168.00),
(314, '2023-10-18', 55, 9733.00),
(315, '2022-02-28', 55, 5495.00),
(316, '2024-08-10', 55, 7290.00),
(317, '2024-06-16', 56, 6211.00),
(318, '2021-04-11', 56, 5182.00),
(319, '2021-03-18', 56, 6536.00),
(320, '2023-12-25', 56, 6145.00),
(321, '2024-12-01', 56, 8690.00),
(322, '2025-04-19', 56, 4718.00),
(323, '2025-04-11', 56, 8857.00),
(324, '2021-12-25', 56, 4967.00),
(325, '2024-04-15', 56, 8101.00),
(326, '2021-02-07', 57, 4599.00),
(327, '2025-03-29', 57, 5429.00),
(328, '2023-12-24', 57, 8227.00),
(329, '2023-05-13', 57, 4041.00),
(330, '2023-12-06', 57, 5986.00),
(331, '2023-08-27', 58, 5494.00),
(332, '2025-12-09', 58, 7399.00),
(333, '2025-02-19', 58, 9147.00),
(334, '2022-03-22', 58, 5083.00),
(335, '2022-04-15', 58, 8008.00),
(336, '2023-12-08', 58, 7706.00),
(337, '2024-05-18', 58, 4653.00),
(338, '2024-12-17', 59, 8413.00),
(339, '2022-03-27', 59, 9385.00);

-- --------------------------------------------------------

--
-- Tablo için tablo yapısı `filo`
--

DROP TABLE IF EXISTS `filo`;
CREATE TABLE IF NOT EXISTS `filo` (
  `sube_id` int NOT NULL,
  `arac_id` int NOT NULL,
  `adet` int DEFAULT NULL,
  PRIMARY KEY (`sube_id`,`arac_id`),
  KEY `arac_id` (`arac_id`)
) ENGINE=InnoDB DEFAULT CHARSET=utf8mb4 COLLATE=utf8mb4_turkish_ci;

--
-- Tablo döküm verisi `filo`
--

INSERT INTO `filo` (`sube_id`, `arac_id`, `adet`) VALUES
(1, 1, 12),
(1, 2, 5),
(1, 3, 10),
(1, 4, 15),
(1, 5, 7),
(1, 6, 5),
(1, 7, 3),
(1, 14, 3),
(1, 15, 3),
(1, 18, 8),
(1, 25, 2),
(1, 26, 3),
(1, 30, 3),
(1, 35, 2),
(1, 36, 3),
(1, 38, 5),
(1, 51, 3),
(1, 52, 1),
(1, 53, 1),
(1, 57, 1),
(1, 59, 1),
(2, 1, 6),
(2, 2, 4),
(2, 3, 12),
(2, 4, 8),
(2, 6, 2),
(2, 7, 5),
(2, 14, 3),
(2, 15, 3),
(2, 18, 5),
(2, 20, 4),
(2, 25, 2),
(2, 30, 2),
(2, 35, 1),
(2, 36, 3),
(2, 38, 2),
(2, 51, 2),
(2, 52, 2),
(2, 57, 1),
(3, 1, 13),
(3, 2, 5),
(3, 6, 4),
(3, 14, 5),
(3, 18, 8),
(3, 20, 7),
(3, 25, 3),
(3, 30, 3),
(3, 35, 2),
(3, 36, 5),
(3, 38, 3),
(3, 51, 2),
(3, 52, 4),
(3, 53, 3),
(3, 57, 1),
(4, 1, 5),
(4, 2, 6),
(4, 3, 15),
(4, 4, 9),
(4, 6, 3),
(4, 13, 6),
(4, 14, 3),
(4, 17, 4),
(4, 18, 7),
(4, 20, 6),
(4, 23, 1),
(4, 24, 2),
(4, 25, 2),
(4, 30, 2),
(4, 33, 3),
(4, 35, 1),
(4, 36, 3),
(4, 38, 1),
(4, 40, 1),
(4, 41, 1),
(4, 42, 1),
(4, 45, 1),
(4, 51, 1),
(4, 52, 1),
(4, 54, 1),
(4, 57, 1),
(5, 1, 4),
(5, 2, 2),
(5, 3, 4),
(5, 5, 4),
(5, 6, 2),
(5, 13, 6),
(5, 14, 2),
(5, 15, 2),
(5, 17, 3),
(5, 19, 6),
(5, 21, 2),
(5, 24, 3),
(5, 25, 1),
(5, 26, 6),
(5, 30, 1),
(5, 33, 1),
(5, 35, 1),
(5, 36, 1),
(5, 38, 1),
(5, 39, 1),
(5, 41, 2),
(5, 42, 1),
(5, 45, 1),
(5, 51, 1),
(5, 52, 1),
(5, 54, 1),
(5, 57, 1),
(6, 1, 14),
(6, 2, 6),
(6, 6, 3),
(6, 14, 4),
(6, 15, 5),
(6, 16, 5),
(6, 18, 8),
(6, 20, 3),
(6, 24, 3),
(6, 25, 2),
(6, 26, 3),
(6, 30, 3),
(6, 35, 2),
(6, 36, 5),
(6, 38, 3),
(6, 39, 2),
(6, 41, 1),
(6, 42, 3),
(6, 45, 2),
(6, 51, 3),
(6, 52, 3),
(6, 53, 2),
(6, 54, 2),
(6, 57, 2),
(7, 2, 7),
(7, 3, 12),
(7, 4, 5),
(7, 5, 5),
(7, 6, 5),
(7, 7, 4),
(7, 8, 4),
(7, 12, 4),
(7, 14, 5),
(7, 15, 6),
(7, 16, 3),
(7, 17, 3),
(7, 18, 4),
(7, 19, 5),
(7, 20, 4),
(7, 21, 3),
(7, 23, 4),
(7, 24, 4),
(7, 25, 3),
(7, 26, 5),
(7, 30, 4),
(7, 33, 3),
(7, 35, 2),
(7, 36, 6),
(7, 38, 4),
(7, 39, 4),
(7, 41, 2),
(7, 42, 4),
(7, 45, 4),
(7, 47, 2),
(7, 48, 2),
(7, 51, 3),
(7, 52, 3),
(7, 53, 3),
(7, 54, 4),
(7, 57, 3),
(8, 1, 8),
(8, 2, 6),
(8, 3, 8),
(8, 4, 4),
(8, 5, 6),
(8, 6, 5),
(8, 7, 6),
(8, 8, 5),
(8, 12, 4),
(8, 13, 4),
(8, 14, 3),
(8, 15, 3),
(8, 16, 3),
(8, 17, 3),
(8, 18, 5),
(8, 19, 5),
(8, 20, 2),
(8, 21, 2),
(8, 24, 4),
(8, 25, 1),
(8, 26, 2),
(8, 30, 2),
(8, 33, 3),
(8, 35, 1),
(8, 36, 2),
(8, 38, 2),
(8, 39, 1),
(8, 41, 1),
(8, 42, 1),
(8, 45, 1),
(8, 51, 1),
(8, 52, 1),
(8, 54, 1),
(8, 57, 1),
(8, 59, 1);

-- --------------------------------------------------------

--
-- Tablo için tablo yapısı `kiralama`
--

DROP TABLE IF EXISTS `kiralama`;
CREATE TABLE IF NOT EXISTS `kiralama` (
  `kiralama_id` int NOT NULL AUTO_INCREMENT,
  `arac_id` int DEFAULT NULL,
  `sube_id` int DEFAULT NULL,
  `kiralama_tarihi` date DEFAULT NULL,
  `kiralama_suresi` int DEFAULT NULL,
  `gunluk_ucret` decimal(15,2) DEFAULT NULL,
  `kiralama_ucreti` decimal(15,2) DEFAULT NULL,
  PRIMARY KEY (`kiralama_id`),
  KEY `arac_id` (`arac_id`),
  KEY `sube_id` (`sube_id`)
) ENGINE=InnoDB AUTO_INCREMENT=2968 DEFAULT CHARSET=utf8mb4 COLLATE=utf8mb4_turkish_ci;

--
-- Tablo döküm verisi `kiralama`
--

INSERT INTO `kiralama` (`kiralama_id`, `arac_id`, `sube_id`, `kiralama_tarihi`, `kiralama_suresi`, `gunluk_ucret`, `kiralama_ucreti`) VALUES
(1, 1, 1, '2021-01-01', 5, 1470.00, 7350.00),
(2, 1, 1, '2021-01-06', 14, 1470.00, 20580.00),
(3, 1, 1, '2021-01-21', 8, 1470.00, 11760.00),
(4, 1, 1, '2021-01-30', 4, 1470.00, 5880.00),
(5, 1, 1, '2021-02-04', 18, 1470.00, 26460.00),
(6, 1, 1, '2021-02-20', 8, 1470.00, 13230.00),
(7, 1, 1, '2021-03-02', 4, 1470.00, 5880.00),
(8, 1, 1, '2021-03-07', 10, 1470.00, 14700.00),
(9, 1, 1, '2021-04-01', 10, 1470.00, 14700.00),
(10, 1, 1, '2021-04-15', 7, 1470.00, 10290.00),
(11, 1, 1, '2021-05-05', 20, 1470.00, 29400.00),
(12, 1, 1, '2021-06-01', 26, 1470.00, 38220.00),
(13, 1, 1, '2021-07-07', 20, 1470.00, 29400.00),
(14, 1, 1, '2021-08-09', 10, 1470.00, 14700.00),
(15, 1, 1, '2021-09-04', 19, 1470.00, 27930.00),
(16, 1, 1, '2021-10-01', 26, 1470.00, 38220.00),
(17, 1, 1, '2021-11-01', 16, 1470.00, 23520.00),
(18, 1, 1, '2021-12-03', 25, 1470.00, 36750.00),
(19, 1, 1, '2022-01-01', 25, 1470.00, 36750.00),
(20, 1, 1, '2022-02-02', 18, 1470.00, 26460.00),
(21, 1, 1, '2022-03-04', 24, 1470.00, 35280.00),
(22, 1, 1, '2022-04-02', 15, 1470.00, 22050.00),
(23, 1, 1, '2022-05-07', 17, 1470.00, 24990.00),
(24, 1, 1, '2022-06-05', 25, 1470.00, 36750.00),
(25, 1, 1, '2022-07-02', 22, 1470.00, 32340.00),
(26, 1, 1, '2022-09-04', 24, 1470.00, 35280.00),
(27, 1, 1, '2022-12-01', 28, 1470.00, 41160.00),
(28, 1, 1, '2023-01-01', 72, 1470.00, 105840.00),
(29, 1, 1, '2023-04-01', 82, 1470.00, 120540.00),
(30, 1, 1, '2023-07-01', 86, 1470.00, 126420.00),
(31, 1, 1, '2023-10-01', 68, 1470.00, 99960.00),
(32, 1, 1, '2024-01-01', 76, 1470.00, 111720.00),
(33, 1, 1, '2024-04-01', 89, 1470.00, 130830.00),
(34, 1, 1, '2024-07-01', 83, 1470.00, 122010.00),
(35, 1, 1, '2024-10-03', 64, 1470.00, 94080.00),
(36, 1, 1, '2025-01-01', 66, 1470.00, 97020.00),
(37, 1, 1, '2025-04-01', 88, 1470.00, 129360.00),
(38, 1, 1, '2025-07-01', 91, 1470.00, 133770.00),
(39, 1, 1, '2025-10-01', 62, 1470.00, 91140.00),
(40, 2, 1, '2021-01-01', 65, 1700.00, 110500.00),
(41, 2, 1, '2021-04-01', 61, 1700.00, 103700.00),
(42, 2, 1, '2021-07-01', 72, 1700.00, 122400.00),
(43, 2, 1, '2021-10-01', 58, 1700.00, 98600.00),
(44, 2, 1, '2022-01-01', 69, 1700.00, 117300.00),
(45, 2, 1, '2022-04-01', 75, 1700.00, 127500.00),
(46, 2, 1, '2022-07-01', 79, 1700.00, 134300.00),
(47, 2, 1, '2022-10-01', 57, 1700.00, 96900.00),
(48, 2, 1, '2023-01-01', 73, 1700.00, 124100.00),
(49, 2, 1, '2023-04-01', 78, 1700.00, 132600.00),
(50, 2, 1, '2023-07-01', 82, 1700.00, 139400.00),
(51, 2, 1, '2023-10-01', 60, 1700.00, 102000.00),
(52, 2, 1, '2024-01-01', 52, 1700.00, 88400.00),
(53, 2, 1, '2024-04-01', 74, 1700.00, 125800.00),
(54, 2, 1, '2024-07-01', 78, 1700.00, 132600.00),
(55, 2, 1, '2024-10-01', 65, 1700.00, 110500.00),
(56, 2, 1, '2025-01-01', 67, 1700.00, 113900.00),
(57, 2, 1, '2025-04-01', 78, 1700.00, 132600.00),
(58, 2, 1, '2025-07-01', 86, 1700.00, 146200.00),
(59, 2, 1, '2025-10-01', 55, 1700.00, 93500.00),
(60, 3, 1, '2021-01-01', 62, 1500.00, 93000.00),
(61, 3, 1, '2021-04-01', 72, 1500.00, 108000.00),
(62, 3, 1, '2021-07-01', 85, 1500.00, 127500.00),
(63, 3, 1, '2021-10-01', 73, 1500.00, 109500.00),
(64, 3, 1, '2022-01-01', 70, 1500.00, 105000.00),
(65, 3, 1, '2022-04-01', 80, 1500.00, 120000.00),
(66, 3, 1, '2022-07-01', 84, 1500.00, 126000.00),
(67, 3, 1, '2022-10-01', 58, 1500.00, 87000.00),
(68, 3, 1, '2023-01-01', 69, 1500.00, 103500.00),
(69, 3, 1, '2023-04-01', 74, 1500.00, 111000.00),
(70, 3, 1, '2023-07-01', 86, 1500.00, 129000.00),
(71, 3, 1, '2023-10-01', 70, 1500.00, 105000.00),
(72, 3, 1, '2024-01-01', 71, 1500.00, 106500.00),
(73, 3, 1, '2024-04-01', 80, 1500.00, 120000.00),
(74, 3, 1, '2024-07-01', 85, 1500.00, 127500.00),
(75, 3, 1, '2024-10-01', 65, 1500.00, 110500.00),
(76, 3, 1, '2025-01-01', 72, 1500.00, 108000.00),
(77, 3, 1, '2025-04-01', 75, 1500.00, 112500.00),
(78, 3, 1, '2025-07-01', 90, 1500.00, 135000.00),
(79, 3, 1, '2025-10-01', 75, 1500.00, 112500.00),
(80, 4, 1, '2021-01-01', 75, 1500.00, 112500.00),
(81, 4, 1, '2021-04-01', 62, 1500.00, 93000.00),
(82, 4, 1, '2021-07-01', 88, 1500.00, 132000.00),
(83, 4, 1, '2021-10-01', 65, 1500.00, 97500.00),
(84, 4, 1, '2022-01-01', 90, 1500.00, 135000.00),
(85, 4, 1, '2022-04-01', 70, 1500.00, 105000.00),
(86, 4, 1, '2022-07-01', 81, 1500.00, 121500.00),
(87, 4, 1, '2022-10-01', 60, 1500.00, 90000.00),
(88, 4, 1, '2023-01-01', 72, 1500.00, 108000.00),
(89, 4, 1, '2023-04-01', 85, 1500.00, 127500.00),
(90, 4, 1, '2023-07-01', 68, 1500.00, 102000.00),
(91, 4, 1, '2023-10-01', 79, 1500.00, 118500.00),
(92, 4, 1, '2024-01-01', 63, 1500.00, 94500.00),
(93, 4, 1, '2024-04-01', 89, 1500.00, 133500.00),
(94, 4, 1, '2024-07-01', 74, 1500.00, 111000.00),
(95, 4, 1, '2024-10-01', 66, 1500.00, 99000.00),
(96, 4, 1, '2025-01-01', 80, 1500.00, 120000.00),
(97, 4, 1, '2025-04-01', 61, 1500.00, 91500.00),
(98, 4, 1, '2025-07-01', 86, 1500.00, 129000.00),
(99, 4, 1, '2025-10-01', 77, 1500.00, 115500.00),
(100, 6, 1, '2021-01-01', 70, 1850.00, 129500.00),
(101, 6, 1, '2021-04-01', 85, 1850.00, 157250.00),
(102, 6, 1, '2021-07-01', 62, 1850.00, 114700.00),
(103, 6, 1, '2021-10-01', 90, 1850.00, 166500.00),
(104, 6, 1, '2022-01-01', 65, 1850.00, 120250.00),
(105, 6, 1, '2022-04-01', 78, 1850.00, 144300.00),
(106, 6, 1, '2022-07-01', 82, 1850.00, 151700.00),
(107, 6, 1, '2022-10-01', 60, 1850.00, 111000.00),
(108, 6, 1, '2023-01-01', 88, 1850.00, 162800.00),
(109, 6, 1, '2023-04-01', 75, 1850.00, 138750.00),
(110, 6, 1, '2023-07-01', 63, 1850.00, 116550.00),
(111, 6, 1, '2023-10-01', 71, 1850.00, 131350.00),
(112, 6, 1, '2024-01-01', 84, 1850.00, 155400.00),
(113, 6, 1, '2024-04-01', 69, 1850.00, 127650.00),
(114, 6, 1, '2024-07-01', 77, 1850.00, 142450.00),
(115, 6, 1, '2024-10-01', 80, 1850.00, 148000.00),
(116, 6, 1, '2025-01-01', 61, 1850.00, 112850.00),
(117, 6, 1, '2025-04-01', 89, 1850.00, 164650.00),
(118, 6, 1, '2025-07-01', 66, 1850.00, 122100.00),
(119, 6, 1, '2025-10-01', 73, 1850.00, 135050.00),
(120, 18, 1, '2021-01-01', 65, 1850.00, 120250.00),
(121, 18, 1, '2021-04-01', 82, 1850.00, 151700.00),
(122, 18, 1, '2021-07-01', 74, 1850.00, 136900.00),
(123, 18, 1, '2021-10-01', 88, 1850.00, 162800.00),
(124, 18, 1, '2022-01-01', 61, 1850.00, 112850.00),
(125, 18, 1, '2022-04-01', 79, 1850.00, 146150.00),
(126, 18, 1, '2022-07-01', 68, 1850.00, 125800.00),
(127, 18, 1, '2022-10-01', 85, 1850.00, 157250.00),
(128, 18, 1, '2023-01-01', 77, 1850.00, 142450.00),
(129, 18, 1, '2023-04-01', 63, 1850.00, 116550.00),
(130, 18, 1, '2023-07-01', 90, 1850.00, 166500.00),
(131, 18, 1, '2023-10-01', 70, 1850.00, 129500.00),
(132, 18, 1, '2024-01-01', 81, 1850.00, 149850.00),
(133, 18, 1, '2024-04-01', 66, 1850.00, 122100.00),
(134, 18, 1, '2024-07-01', 75, 1850.00, 138750.00),
(135, 18, 1, '2024-10-01', 89, 1850.00, 164650.00),
(136, 18, 1, '2025-01-01', 60, 1850.00, 111000.00),
(137, 18, 1, '2025-04-01', 83, 1850.00, 153550.00),
(138, 18, 1, '2025-07-01', 72, 1850.00, 133200.00),
(139, 18, 1, '2025-10-01', 86, 1850.00, 159100.00),
(140, 12, 1, '2021-01-01', 65, 1850.00, 120250.00),
(141, 12, 1, '2021-04-01', 80, 1850.00, 148000.00),
(142, 12, 1, '2021-07-01', 72, 1850.00, 133200.00),
(143, 12, 1, '2021-10-01', 88, 1850.00, 162800.00),
(144, 12, 1, '2022-01-01', 62, 1850.00, 114700.00),
(145, 12, 1, '2022-04-01', 75, 1850.00, 138750.00),
(146, 12, 1, '2022-07-01', 85, 1850.00, 157250.00),
(147, 12, 1, '2022-10-01', 69, 1850.00, 127650.00),
(148, 12, 1, '2023-01-01', 90, 1850.00, 166500.00),
(149, 12, 1, '2023-04-01', 64, 1850.00, 118400.00),
(150, 12, 1, '2023-07-01', 78, 1850.00, 144300.00),
(151, 12, 1, '2023-10-01', 81, 1850.00, 149850.00),
(152, 12, 1, '2024-01-01', 70, 1850.00, 129500.00),
(153, 12, 1, '2024-04-01', 86, 1850.00, 159100.00),
(154, 12, 1, '2024-07-01', 66, 1850.00, 122100.00),
(155, 12, 1, '2024-10-01', 74, 1850.00, 136900.00),
(156, 12, 1, '2025-01-01', 82, 1850.00, 151700.00),
(157, 12, 1, '2025-04-01', 60, 1850.00, 111000.00),
(158, 12, 1, '2025-07-01', 89, 1850.00, 164650.00),
(159, 12, 1, '2025-10-01', 77, 1850.00, 142450.00),
(160, 24, 1, '2021-01-01', 73, 1850.00, 135050.00),
(161, 24, 1, '2021-04-01', 61, 1850.00, 112850.00),
(162, 24, 1, '2021-07-01', 84, 1850.00, 155400.00),
(163, 24, 1, '2021-10-01', 67, 1850.00, 123950.00),
(164, 24, 1, '2022-01-01', 80, 1850.00, 148000.00),
(165, 24, 1, '2022-04-01', 76, 1850.00, 140600.00),
(166, 24, 1, '2022-07-01', 88, 1850.00, 162800.00),
(167, 24, 1, '2022-10-01', 63, 1850.00, 116550.00),
(168, 24, 1, '2023-01-01', 85, 1850.00, 157250.00),
(169, 24, 1, '2023-04-01', 71, 1850.00, 131350.00),
(170, 24, 1, '2023-07-01', 65, 1850.00, 120250.00),
(171, 24, 1, '2023-10-01', 90, 1850.00, 166500.00),
(172, 24, 1, '2024-01-01', 68, 1850.00, 125800.00),
(173, 24, 1, '2024-04-01', 79, 1850.00, 146150.00),
(174, 24, 1, '2024-07-01', 82, 1850.00, 151700.00),
(175, 24, 1, '2024-10-01', 62, 1850.00, 114700.00),
(176, 24, 1, '2025-01-01', 75, 1850.00, 138750.00),
(177, 24, 1, '2025-04-01', 87, 1850.00, 160950.00),
(178, 24, 1, '2025-07-01', 69, 1850.00, 127650.00),
(179, 24, 1, '2025-10-01', 83, 1850.00, 153550.00),
(180, 16, 1, '2021-01-01', 66, 1850.00, 122100.00),
(181, 16, 1, '2021-04-01', 81, 1850.00, 149850.00),
(182, 16, 1, '2021-07-01', 73, 1850.00, 135050.00),
(183, 16, 1, '2021-10-01', 88, 1850.00, 162800.00),
(184, 16, 1, '2022-01-01', 62, 1850.00, 114700.00),
(185, 16, 1, '2022-04-01', 79, 1850.00, 146150.00),
(186, 16, 1, '2022-07-01', 84, 1850.00, 155400.00),
(187, 16, 1, '2022-10-01', 67, 1850.00, 123950.00),
(188, 16, 1, '2023-01-01', 90, 1850.00, 166500.00),
(189, 16, 1, '2023-04-01', 65, 1850.00, 120250.00),
(190, 16, 1, '2023-07-01', 76, 1850.00, 140600.00),
(191, 16, 1, '2023-10-01', 82, 1850.00, 151700.00),
(192, 16, 1, '2024-01-01', 70, 1850.00, 129500.00),
(193, 16, 1, '2024-04-01', 85, 1850.00, 157250.00),
(194, 16, 1, '2024-07-01', 63, 1850.00, 116550.00),
(195, 16, 1, '2024-10-01', 78, 1850.00, 144300.00),
(196, 16, 1, '2025-01-01', 89, 1850.00, 164650.00),
(197, 16, 1, '2025-04-01', 61, 1850.00, 112850.00),
(198, 16, 1, '2025-07-01', 75, 1850.00, 138750.00),
(199, 16, 1, '2025-10-01', 87, 1850.00, 160950.00),
(200, 23, 1, '2021-01-01', 72, 2300.00, 165600.00),
(201, 23, 1, '2021-04-01', 85, 2300.00, 195500.00),
(202, 23, 1, '2021-07-01', 64, 2300.00, 147200.00),
(203, 23, 1, '2021-10-01', 89, 2300.00, 204700.00),
(204, 23, 1, '2022-01-01', 68, 2300.00, 156400.00),
(205, 23, 1, '2022-04-01', 77, 2300.00, 177100.00),
(206, 23, 1, '2022-07-01', 82, 2300.00, 188600.00),
(207, 23, 1, '2022-10-01', 60, 2300.00, 138000.00),
(208, 23, 1, '2023-01-01', 90, 2300.00, 207000.00),
(209, 23, 1, '2023-04-01', 66, 2300.00, 151800.00),
(210, 23, 1, '2023-07-01', 75, 2300.00, 172500.00),
(211, 23, 1, '2023-10-01', 83, 2300.00, 190900.00),
(212, 23, 1, '2024-01-01', 71, 2300.00, 163300.00),
(213, 23, 1, '2024-04-01', 80, 2300.00, 184000.00),
(214, 23, 1, '2024-07-01', 63, 2300.00, 144900.00),
(215, 23, 1, '2024-10-01', 76, 2300.00, 174800.00),
(216, 23, 1, '2025-01-01', 84, 2300.00, 193200.00),
(217, 23, 1, '2025-04-01', 69, 2300.00, 158700.00),
(218, 23, 1, '2025-07-01', 87, 2300.00, 200100.00),
(219, 23, 1, '2025-10-01', 73, 2300.00, 167900.00),
(220, 33, 1, '2021-01-01', 65, 2300.00, 149500.00),
(221, 33, 1, '2021-04-01', 81, 2300.00, 186300.00),
(222, 33, 1, '2021-07-01', 78, 2300.00, 179400.00),
(223, 33, 1, '2021-10-01', 62, 2300.00, 142600.00),
(224, 33, 1, '2022-01-01', 86, 2300.00, 197800.00),
(225, 33, 1, '2022-04-01', 70, 2300.00, 161000.00),
(226, 33, 1, '2022-07-01', 88, 2300.00, 202400.00),
(227, 33, 1, '2022-10-01', 74, 2300.00, 170200.00),
(228, 33, 1, '2023-01-01', 61, 2300.00, 140300.00),
(229, 33, 1, '2023-04-01', 79, 2300.00, 181700.00),
(230, 33, 1, '2023-07-01', 85, 2300.00, 195500.00),
(231, 33, 1, '2023-10-01', 67, 2300.00, 154100.00),
(232, 33, 1, '2024-01-01', 82, 2300.00, 188600.00),
(233, 33, 1, '2024-04-01', 73, 2300.00, 167900.00),
(234, 33, 1, '2024-07-01', 64, 2300.00, 147200.00),
(235, 33, 1, '2024-10-01', 89, 2300.00, 204700.00),
(236, 33, 1, '2025-01-01', 76, 2300.00, 174800.00),
(237, 33, 1, '2025-04-01', 68, 2300.00, 156400.00),
(238, 33, 1, '2025-07-01', 80, 2300.00, 184000.00),
(239, 33, 1, '2025-10-01', 71, 2300.00, 163300.00),
(240, 36, 1, '2021-01-01', 35, 3500.00, 122500.00),
(241, 36, 1, '2021-04-01', 52, 3500.00, 182000.00),
(242, 36, 1, '2021-07-01', 68, 3500.00, 238000.00),
(243, 36, 1, '2021-10-01', 41, 3500.00, 143500.00),
(244, 36, 1, '2022-01-01', 55, 3500.00, 192500.00),
(245, 36, 1, '2022-04-01', 32, 3500.00, 112000.00),
(246, 36, 1, '2022-07-01', 60, 3500.00, 210000.00),
(247, 36, 1, '2022-10-01', 48, 3500.00, 168000.00),
(248, 36, 1, '2023-01-01', 65, 3500.00, 227500.00),
(249, 36, 1, '2023-04-01', 38, 3500.00, 133000.00),
(250, 36, 1, '2023-07-01', 59, 3500.00, 206500.00),
(251, 36, 1, '2023-10-01', 44, 3500.00, 154000.00),
(252, 36, 1, '2024-01-01', 70, 3500.00, 245000.00),
(253, 36, 1, '2024-04-01', 34, 3500.00, 119000.00),
(254, 36, 1, '2024-07-01', 50, 3500.00, 175000.00),
(255, 36, 1, '2024-10-01', 63, 3500.00, 220500.00),
(256, 36, 1, '2025-01-01', 40, 3500.00, 140000.00),
(257, 36, 1, '2025-04-01', 66, 3500.00, 231000.00),
(258, 36, 1, '2025-07-01', 30, 3500.00, 105000.00),
(259, 36, 1, '2025-10-01', 57, 3500.00, 199500.00),
(260, 42, 1, '2024-01-01', 45, 3500.00, 157500.00),
(261, 42, 1, '2024-04-01', 62, 3500.00, 217000.00),
(262, 42, 1, '2024-07-01', 34, 3500.00, 119000.00),
(263, 42, 1, '2024-10-01', 58, 3500.00, 203000.00),
(264, 42, 1, '2025-01-01', 69, 3500.00, 241500.00),
(265, 42, 1, '2025-04-01', 31, 3500.00, 108500.00),
(266, 42, 1, '2025-07-01', 50, 3500.00, 175000.00),
(267, 42, 1, '2025-10-01', 66, 3500.00, 231000.00),
(268, 45, 1, '2024-01-01', 55, 3500.00, 192500.00),
(269, 45, 1, '2024-04-01', 40, 3500.00, 140000.00),
(270, 45, 1, '2024-07-01', 68, 3500.00, 238000.00),
(271, 45, 1, '2024-10-01', 36, 3500.00, 126000.00),
(272, 45, 1, '2025-01-01', 63, 3500.00, 220500.00),
(273, 45, 1, '2025-04-01', 48, 3500.00, 168000.00),
(274, 45, 1, '2025-07-01', 33, 3500.00, 115500.00),
(275, 45, 1, '2025-10-01', 59, 3500.00, 206500.00),
(276, 51, 1, '2024-01-01', 38, 3500.00, 133000.00),
(277, 51, 1, '2024-04-01', 65, 3500.00, 227500.00),
(278, 51, 1, '2024-07-01', 42, 3500.00, 147000.00),
(279, 51, 1, '2024-10-01', 60, 3500.00, 210000.00),
(280, 51, 1, '2025-01-01', 52, 3500.00, 182000.00),
(281, 51, 1, '2025-04-01', 70, 3500.00, 245000.00),
(282, 51, 1, '2025-07-01', 35, 3500.00, 122500.00),
(283, 51, 1, '2025-10-01', 56, 3500.00, 196000.00),
(284, 25, 1, '2024-01-01', 40, 4000.00, 160000.00),
(285, 25, 1, '2024-04-01', 65, 4000.00, 260000.00),
(286, 25, 1, '2024-07-01', 33, 4000.00, 132000.00),
(287, 25, 1, '2024-10-01', 58, 4000.00, 232000.00),
(288, 25, 1, '2025-01-01', 45, 4000.00, 180000.00),
(289, 25, 1, '2025-04-01', 70, 4000.00, 280000.00),
(290, 25, 1, '2025-07-01', 36, 4000.00, 144000.00),
(291, 25, 1, '2025-10-01', 62, 4000.00, 248000.00),
(292, 35, 1, '2024-01-01', 50, 4000.00, 200000.00),
(293, 35, 1, '2024-04-01', 38, 4000.00, 152000.00),
(294, 35, 1, '2024-07-01', 67, 4000.00, 268000.00),
(295, 35, 1, '2024-10-01', 42, 4000.00, 168000.00),
(296, 35, 1, '2025-01-01', 55, 4000.00, 220000.00),
(297, 35, 1, '2025-04-01', 31, 4000.00, 124000.00),
(298, 35, 1, '2025-07-01', 60, 4000.00, 240000.00),
(299, 35, 1, '2025-10-01', 48, 4000.00, 192000.00),
(300, 38, 1, '2024-01-01', 25, 4100.00, 102500.00),
(301, 38, 1, '2024-04-01', 42, 4100.00, 172200.00),
(302, 38, 1, '2024-07-01', 30, 4100.00, 123000.00),
(303, 38, 1, '2024-10-01', 48, 4100.00, 196800.00),
(304, 38, 1, '2025-01-01', 21, 4100.00, 86100.00),
(305, 38, 1, '2025-04-01', 39, 4100.00, 159900.00),
(306, 38, 1, '2025-07-01', 45, 4100.00, 184500.00),
(307, 38, 1, '2025-10-01', 33, 4100.00, 135300.00),
(308, 39, 1, '2024-01-01', 40, 4100.00, 164000.00),
(309, 39, 1, '2024-04-01', 28, 4100.00, 114800.00),
(310, 39, 1, '2024-07-01', 50, 4100.00, 205000.00),
(311, 39, 1, '2024-10-01', 35, 4100.00, 143500.00),
(312, 39, 1, '2025-01-01', 44, 4100.00, 180400.00),
(313, 39, 1, '2025-04-01', 23, 4100.00, 94300.00),
(314, 39, 1, '2025-07-01', 47, 4100.00, 192700.00),
(315, 39, 1, '2025-10-01', 32, 4100.00, 131200.00),
(316, 41, 1, '2024-01-01', 26, 4100.00, 106600.00),
(317, 41, 1, '2024-04-01', 49, 4100.00, 200900.00),
(318, 41, 1, '2024-07-01', 37, 4100.00, 151700.00),
(319, 41, 1, '2024-10-01', 20, 4100.00, 82000.00),
(320, 41, 1, '2025-01-01', 41, 4100.00, 168100.00),
(321, 41, 1, '2025-04-01', 46, 4100.00, 188600.00),
(322, 41, 1, '2025-07-01', 29, 4100.00, 118900.00),
(323, 41, 1, '2025-10-01', 38, 4100.00, 155800.00),
(324, 52, 1, '2024-01-01', 20, 7200.00, 144000.00),
(325, 52, 1, '2024-04-01', 35, 7200.00, 252000.00),
(326, 52, 1, '2024-07-01', 18, 7200.00, 129600.00),
(327, 52, 1, '2024-10-01', 40, 7200.00, 288000.00),
(328, 52, 1, '2025-01-01', 25, 7200.00, 180000.00),
(329, 52, 1, '2025-04-01', 30, 7200.00, 216000.00),
(330, 52, 1, '2025-07-01', 16, 7200.00, 115200.00),
(331, 52, 1, '2025-10-01', 38, 7200.00, 273600.00),
(332, 54, 1, '2024-01-01', 22, 7200.00, 158400.00),
(333, 54, 1, '2024-04-01', 39, 7200.00, 280800.00),
(334, 54, 1, '2024-07-01', 15, 7200.00, 108000.00),
(335, 54, 1, '2024-10-01', 33, 7200.00, 237600.00),
(336, 54, 1, '2025-01-01', 28, 7200.00, 201600.00),
(337, 54, 1, '2025-04-01', 36, 7200.00, 259200.00),
(338, 54, 1, '2025-07-01', 19, 7200.00, 136800.00),
(339, 54, 1, '2025-10-01', 31, 7200.00, 223200.00),
(340, 53, 1, '2024-01-01', 20, 7900.00, 158000.00),
(341, 53, 1, '2024-04-01', 35, 7900.00, 276500.00),
(342, 53, 1, '2024-07-01', 18, 7900.00, 142200.00),
(343, 53, 1, '2024-10-01', 30, 7900.00, 237000.00),
(344, 53, 1, '2025-01-01', 25, 7900.00, 197500.00),
(345, 53, 1, '2025-04-01', 38, 7900.00, 300200.00),
(346, 53, 1, '2025-07-01', 16, 7900.00, 126400.00),
(347, 53, 1, '2025-10-01', 32, 7900.00, 252800.00),
(348, 4, 2, '2021-01-01', 61, 1500.00, 91500.00),
(349, 4, 2, '2021-04-01', 73, 1500.00, 109500.00),
(350, 4, 2, '2021-07-01', 83, 1500.00, 124500.00),
(351, 4, 2, '2021-10-01', 61, 1500.00, 91500.00),
(352, 4, 2, '2022-01-01', 73, 1500.00, 109500.00),
(353, 4, 2, '2022-04-01', 81, 1500.00, 121500.00),
(354, 4, 2, '2022-07-01', 65, 1500.00, 97500.00),
(355, 4, 2, '2022-10-01', 89, 1500.00, 133500.00),
(356, 4, 2, '2023-01-01', 62, 1500.00, 93000.00),
(357, 4, 2, '2023-04-01', 63, 1500.00, 94500.00),
(358, 4, 2, '2023-07-01', 75, 1500.00, 112500.00),
(359, 4, 2, '2023-10-01', 81, 1500.00, 121500.00),
(360, 4, 2, '2024-01-01', 82, 1500.00, 123000.00),
(361, 4, 2, '2024-04-01', 76, 1500.00, 114000.00),
(362, 4, 2, '2024-07-01', 73, 1500.00, 109500.00),
(363, 4, 2, '2024-10-01', 86, 1500.00, 129000.00),
(364, 4, 2, '2025-01-01', 80, 1500.00, 120000.00),
(365, 4, 2, '2025-04-01', 82, 1500.00, 123000.00),
(366, 4, 2, '2025-07-01', 86, 1500.00, 129000.00),
(367, 4, 2, '2025-10-01', 79, 1500.00, 118500.00),
(368, 6, 2, '2021-01-01', 64, 1850.00, 118400.00),
(369, 6, 2, '2021-04-01', 78, 1850.00, 144300.00),
(370, 6, 2, '2021-07-01', 60, 1850.00, 111000.00),
(371, 6, 2, '2021-10-01', 67, 1850.00, 123950.00),
(372, 6, 2, '2022-01-01', 63, 1850.00, 116550.00),
(373, 6, 2, '2022-04-01', 78, 1850.00, 144300.00),
(374, 6, 2, '2022-07-01', 71, 1850.00, 131350.00),
(375, 6, 2, '2022-10-01', 77, 1850.00, 142450.00),
(376, 6, 2, '2023-01-01', 78, 1850.00, 144300.00),
(377, 6, 2, '2023-04-01', 88, 1850.00, 162800.00),
(378, 6, 2, '2023-07-01', 62, 1850.00, 114700.00),
(379, 6, 2, '2023-10-01', 77, 1850.00, 142450.00),
(380, 6, 2, '2024-01-01', 69, 1850.00, 127650.00),
(381, 6, 2, '2024-04-01', 83, 1850.00, 153550.00),
(382, 6, 2, '2024-07-01', 85, 1850.00, 157250.00),
(383, 6, 2, '2024-10-01', 62, 1850.00, 114700.00),
(384, 6, 2, '2025-01-01', 68, 1850.00, 125800.00),
(385, 6, 2, '2025-04-01', 70, 1850.00, 129500.00),
(386, 6, 2, '2025-07-01', 73, 1850.00, 135050.00),
(387, 6, 2, '2025-10-01', 90, 1850.00, 166500.00),
(388, 12, 2, '2021-01-01', 76, 1850.00, 140600.00),
(389, 12, 2, '2021-04-01', 62, 1850.00, 114700.00),
(390, 12, 2, '2021-07-01', 89, 1850.00, 164650.00),
(391, 12, 2, '2021-10-01', 82, 1850.00, 151700.00),
(392, 12, 2, '2022-01-01', 88, 1850.00, 162800.00),
(393, 12, 2, '2022-04-01', 87, 1850.00, 160950.00),
(394, 12, 2, '2022-07-01', 80, 1850.00, 148000.00),
(395, 12, 2, '2022-10-01', 67, 1850.00, 123950.00),
(396, 12, 2, '2023-01-01', 83, 1850.00, 153550.00),
(397, 12, 2, '2023-04-01', 61, 1850.00, 112850.00),
(398, 12, 2, '2023-07-01', 64, 1850.00, 118400.00),
(399, 12, 2, '2023-10-01', 76, 1850.00, 140600.00),
(400, 12, 2, '2024-01-01', 90, 1850.00, 166500.00),
(401, 12, 2, '2024-04-01', 85, 1850.00, 157250.00),
(402, 12, 2, '2024-07-01', 82, 1850.00, 151700.00),
(403, 12, 2, '2024-10-01', 69, 1850.00, 127650.00),
(404, 12, 2, '2025-01-01', 60, 1850.00, 111000.00),
(405, 12, 2, '2025-04-01', 89, 1850.00, 164650.00),
(406, 12, 2, '2025-07-01', 83, 1850.00, 153550.00),
(407, 12, 2, '2025-10-01', 87, 1850.00, 160950.00),
(408, 14, 2, '2021-01-01', 71, 1850.00, 131350.00),
(409, 14, 2, '2021-04-01', 70, 1850.00, 129500.00),
(410, 14, 2, '2021-07-01', 61, 1850.00, 112850.00),
(411, 14, 2, '2021-10-01', 87, 1850.00, 160950.00),
(412, 14, 2, '2022-01-01', 85, 1850.00, 157250.00),
(413, 14, 2, '2022-04-01', 84, 1850.00, 155400.00),
(414, 14, 2, '2022-07-01', 72, 1850.00, 133200.00),
(415, 14, 2, '2022-10-01', 74, 1850.00, 136900.00),
(416, 14, 2, '2023-01-01', 67, 1850.00, 123950.00),
(417, 14, 2, '2023-04-01', 82, 1850.00, 151700.00),
(418, 14, 2, '2023-07-01', 71, 1850.00, 131350.00),
(419, 14, 2, '2023-10-01', 82, 1850.00, 151700.00),
(420, 14, 2, '2024-01-01', 77, 1850.00, 142450.00),
(421, 14, 2, '2024-04-01', 70, 1850.00, 129500.00),
(422, 14, 2, '2024-07-01', 77, 1850.00, 142450.00),
(423, 14, 2, '2024-10-01', 80, 1850.00, 148000.00),
(424, 14, 2, '2025-01-01', 81, 1850.00, 149850.00),
(425, 14, 2, '2025-04-01', 84, 1850.00, 155400.00),
(426, 14, 2, '2025-07-01', 71, 1850.00, 131350.00),
(427, 14, 2, '2025-10-01', 62, 1850.00, 114700.00),
(428, 16, 2, '2021-01-01', 84, 1850.00, 155400.00),
(429, 16, 2, '2021-04-01', 66, 1850.00, 122100.00),
(430, 16, 2, '2021-07-01', 65, 1850.00, 120250.00),
(431, 16, 2, '2021-10-01', 78, 1850.00, 144300.00),
(432, 16, 2, '2022-01-01', 64, 1850.00, 118400.00),
(433, 16, 2, '2022-04-01', 67, 1850.00, 123950.00),
(434, 16, 2, '2022-07-01', 77, 1850.00, 142450.00),
(435, 16, 2, '2022-10-01', 89, 1850.00, 164650.00),
(436, 16, 2, '2023-01-01', 64, 1850.00, 118400.00),
(437, 16, 2, '2023-04-01', 71, 1850.00, 131350.00),
(438, 16, 2, '2023-07-01', 90, 1850.00, 166500.00),
(439, 16, 2, '2023-10-01', 76, 1850.00, 140600.00),
(440, 16, 2, '2024-01-01', 64, 1850.00, 118400.00),
(441, 16, 2, '2024-04-01', 62, 1850.00, 114700.00),
(442, 16, 2, '2024-07-01', 60, 1850.00, 111000.00),
(443, 16, 2, '2024-10-01', 72, 1850.00, 133200.00),
(444, 16, 2, '2025-01-01', 69, 1850.00, 127650.00),
(445, 16, 2, '2025-04-01', 74, 1850.00, 136900.00),
(446, 16, 2, '2025-07-01', 72, 1850.00, 133200.00),
(447, 16, 2, '2025-10-01', 73, 1850.00, 135050.00),
(448, 18, 2, '2021-01-01', 83, 1850.00, 153550.00),
(449, 18, 2, '2021-04-01', 68, 1850.00, 125800.00),
(450, 18, 2, '2021-07-01', 86, 1850.00, 159100.00),
(451, 18, 2, '2021-10-01', 76, 1850.00, 140600.00),
(452, 18, 2, '2022-01-01', 85, 1850.00, 157250.00),
(453, 18, 2, '2022-04-01', 78, 1850.00, 144300.00),
(454, 18, 2, '2022-07-01', 66, 1850.00, 122100.00),
(455, 18, 2, '2022-10-01', 80, 1850.00, 148000.00),
(456, 18, 2, '2023-01-01', 71, 1850.00, 131350.00),
(457, 18, 2, '2023-04-01', 90, 1850.00, 166500.00),
(458, 18, 2, '2023-07-01', 68, 1850.00, 125800.00),
(459, 18, 2, '2023-10-01', 63, 1850.00, 116550.00),
(460, 18, 2, '2024-01-01', 71, 1850.00, 131350.00),
(461, 18, 2, '2024-04-01', 87, 1850.00, 160950.00),
(462, 18, 2, '2024-07-01', 87, 1850.00, 160950.00),
(463, 18, 2, '2024-10-01', 83, 1850.00, 153550.00),
(464, 18, 2, '2025-01-01', 75, 1850.00, 138750.00),
(465, 18, 2, '2025-04-01', 79, 1850.00, 146150.00),
(466, 18, 2, '2025-07-01', 87, 1850.00, 160950.00),
(467, 18, 2, '2025-10-01', 86, 1850.00, 159100.00),
(468, 23, 2, '2021-01-01', 89, 2300.00, 204700.00),
(469, 23, 2, '2021-04-01', 82, 2300.00, 188600.00),
(470, 23, 2, '2021-07-01', 63, 2300.00, 144900.00),
(471, 23, 2, '2021-10-01', 84, 2300.00, 193200.00),
(472, 23, 2, '2022-01-01', 80, 2300.00, 184000.00),
(473, 23, 2, '2022-04-01', 80, 2300.00, 184000.00),
(474, 23, 2, '2022-07-01', 66, 2300.00, 151800.00),
(475, 23, 2, '2022-10-01', 88, 2300.00, 202400.00),
(476, 23, 2, '2023-01-01', 64, 2300.00, 147200.00),
(477, 23, 2, '2023-04-01', 89, 2300.00, 204700.00),
(478, 23, 2, '2023-07-01', 63, 2300.00, 144900.00),
(479, 23, 2, '2023-10-01', 76, 2300.00, 174800.00),
(480, 23, 2, '2024-01-01', 62, 2300.00, 142600.00),
(481, 23, 2, '2024-04-01', 79, 2300.00, 181700.00),
(482, 23, 2, '2024-07-01', 76, 2300.00, 174800.00),
(483, 23, 2, '2024-10-01', 65, 2300.00, 149500.00),
(484, 23, 2, '2025-01-01', 87, 2300.00, 200100.00),
(485, 23, 2, '2025-04-01', 62, 2300.00, 142600.00),
(486, 23, 2, '2025-07-01', 85, 2300.00, 195500.00),
(487, 23, 2, '2025-10-01', 76, 2300.00, 174800.00),
(488, 33, 2, '2021-01-01', 69, 2300.00, 158700.00),
(489, 33, 2, '2021-04-01', 75, 2300.00, 172500.00),
(490, 33, 2, '2021-07-01', 60, 2300.00, 138000.00),
(491, 33, 2, '2021-10-01', 78, 2300.00, 179400.00),
(492, 33, 2, '2022-01-01', 82, 2300.00, 188600.00),
(493, 33, 2, '2022-04-01', 78, 2300.00, 179400.00),
(494, 33, 2, '2022-07-01', 61, 2300.00, 140300.00),
(495, 33, 2, '2022-10-01', 84, 2300.00, 193200.00),
(496, 33, 2, '2023-01-01', 69, 2300.00, 158700.00),
(497, 33, 2, '2023-04-01', 77, 2300.00, 177100.00),
(498, 33, 2, '2023-07-01', 63, 2300.00, 144900.00),
(499, 33, 2, '2023-10-01', 61, 2300.00, 140300.00),
(500, 33, 2, '2024-01-01', 71, 2300.00, 163300.00),
(501, 33, 2, '2024-04-01', 68, 2300.00, 156400.00),
(502, 33, 2, '2024-07-01', 77, 2300.00, 177100.00),
(503, 33, 2, '2024-10-01', 82, 2300.00, 188600.00),
(504, 33, 2, '2025-01-01', 61, 2300.00, 140300.00),
(505, 33, 2, '2025-04-01', 85, 2300.00, 195500.00),
(506, 33, 2, '2025-07-01', 77, 2300.00, 177100.00),
(507, 33, 2, '2025-10-01', 80, 2300.00, 184000.00),
(508, 25, 2, '2021-01-01', 30, 4000.00, 120000.00),
(509, 25, 2, '2021-04-01', 49, 4000.00, 196000.00),
(510, 25, 2, '2021-07-01', 62, 4000.00, 248000.00),
(511, 25, 2, '2021-10-01', 41, 4000.00, 164000.00),
(512, 25, 2, '2022-01-01', 42, 4000.00, 168000.00),
(513, 25, 2, '2022-04-01', 59, 4000.00, 236000.00),
(514, 25, 2, '2022-07-01', 51, 4000.00, 204000.00),
(515, 25, 2, '2022-10-01', 46, 4000.00, 184000.00),
(516, 25, 2, '2023-01-01', 48, 4000.00, 192000.00),
(517, 25, 2, '2023-04-01', 51, 4000.00, 204000.00),
(518, 25, 2, '2023-07-01', 55, 4000.00, 220000.00),
(519, 25, 2, '2023-10-01', 40, 4000.00, 160000.00),
(520, 25, 2, '2024-01-01', 51, 4000.00, 204000.00),
(521, 25, 2, '2024-04-01', 69, 4000.00, 276000.00),
(522, 25, 2, '2024-07-01', 51, 4000.00, 204000.00),
(523, 25, 2, '2024-10-01', 48, 4000.00, 192000.00),
(524, 25, 2, '2025-01-01', 68, 4000.00, 272000.00),
(525, 25, 2, '2025-04-01', 68, 4000.00, 272000.00),
(526, 25, 2, '2025-07-01', 68, 4000.00, 272000.00),
(527, 25, 2, '2025-10-01', 37, 4000.00, 148000.00),
(528, 35, 2, '2021-01-01', 49, 4000.00, 196000.00),
(529, 35, 2, '2021-04-01', 45, 4000.00, 180000.00),
(530, 35, 2, '2021-07-01', 59, 4000.00, 236000.00),
(531, 35, 2, '2021-10-01', 30, 4000.00, 120000.00),
(532, 35, 2, '2022-01-01', 47, 4000.00, 188000.00),
(533, 35, 2, '2022-04-01', 43, 4000.00, 172000.00),
(534, 35, 2, '2022-07-01', 69, 4000.00, 276000.00),
(535, 35, 2, '2022-10-01', 58, 4000.00, 232000.00),
(536, 35, 2, '2023-01-01', 51, 4000.00, 204000.00),
(537, 35, 2, '2023-04-01', 37, 4000.00, 148000.00),
(538, 35, 2, '2023-07-01', 48, 4000.00, 192000.00),
(539, 35, 2, '2023-10-01', 42, 4000.00, 168000.00),
(540, 35, 2, '2024-01-01', 35, 4000.00, 140000.00),
(541, 35, 2, '2024-04-01', 57, 4000.00, 228000.00),
(542, 35, 2, '2024-07-01', 61, 4000.00, 244000.00),
(543, 35, 2, '2024-10-01', 38, 4000.00, 152000.00),
(544, 35, 2, '2025-01-01', 50, 4000.00, 200000.00),
(545, 35, 2, '2025-04-01', 32, 4000.00, 128000.00),
(546, 35, 2, '2025-07-01', 46, 4000.00, 184000.00),
(547, 35, 2, '2025-10-01', 61, 4000.00, 244000.00),
(548, 36, 2, '2021-01-01', 31, 3500.00, 108500.00),
(549, 36, 2, '2021-04-01', 50, 3500.00, 175000.00),
(550, 36, 2, '2021-07-01', 50, 3500.00, 175000.00),
(551, 36, 2, '2021-10-01', 41, 3500.00, 143500.00),
(552, 36, 2, '2022-01-01', 33, 3500.00, 115500.00),
(553, 36, 2, '2022-04-01', 60, 3500.00, 210000.00),
(554, 36, 2, '2022-07-01', 62, 3500.00, 217000.00),
(555, 36, 2, '2022-10-01', 59, 3500.00, 206500.00),
(556, 36, 2, '2023-01-01', 58, 3500.00, 203000.00),
(557, 36, 2, '2023-04-01', 57, 3500.00, 199500.00),
(558, 36, 2, '2023-07-01', 38, 3500.00, 133000.00),
(559, 36, 2, '2023-10-01', 54, 3500.00, 189000.00),
(560, 36, 2, '2024-01-01', 39, 3500.00, 136500.00),
(561, 36, 2, '2024-04-01', 53, 3500.00, 185500.00),
(562, 36, 2, '2024-07-01', 67, 3500.00, 234500.00),
(563, 36, 2, '2024-10-01', 42, 3500.00, 147000.00),
(564, 36, 2, '2025-01-01', 32, 3500.00, 112000.00),
(565, 36, 2, '2025-04-01', 35, 3500.00, 122500.00),
(566, 36, 2, '2025-07-01', 35, 3500.00, 122500.00),
(567, 36, 2, '2025-10-01', 30, 3500.00, 105000.00),
(568, 42, 2, '2021-01-01', 53, 3500.00, 185500.00),
(569, 42, 2, '2021-04-01', 44, 3500.00, 154000.00),
(570, 42, 2, '2021-07-01', 64, 3500.00, 224000.00),
(571, 42, 2, '2021-10-01', 31, 3500.00, 108500.00),
(572, 42, 2, '2022-01-01', 44, 3500.00, 154000.00),
(573, 42, 2, '2022-04-01', 66, 3500.00, 231000.00),
(574, 42, 2, '2022-07-01', 41, 3500.00, 143500.00),
(575, 42, 2, '2022-10-01', 34, 3500.00, 119000.00),
(576, 42, 2, '2023-01-01', 33, 3500.00, 115500.00),
(577, 42, 2, '2023-04-01', 53, 3500.00, 185500.00),
(578, 42, 2, '2023-07-01', 33, 3500.00, 115500.00),
(579, 42, 2, '2023-10-01', 63, 3500.00, 220500.00),
(580, 42, 2, '2024-01-01', 34, 3500.00, 119000.00),
(581, 42, 2, '2024-04-01', 47, 3500.00, 164500.00),
(582, 42, 2, '2024-07-01', 64, 3500.00, 224000.00),
(583, 42, 2, '2024-10-01', 65, 3500.00, 227500.00),
(584, 42, 2, '2025-01-01', 47, 3500.00, 164500.00),
(585, 42, 2, '2025-04-01', 69, 3500.00, 241500.00),
(586, 42, 2, '2025-07-01', 57, 3500.00, 199500.00),
(587, 42, 2, '2025-10-01', 67, 3500.00, 234500.00),
(588, 45, 2, '2021-01-01', 31, 3500.00, 108500.00),
(589, 45, 2, '2021-04-01', 36, 3500.00, 126000.00),
(590, 45, 2, '2021-07-01', 69, 3500.00, 241500.00),
(591, 45, 2, '2021-10-01', 51, 3500.00, 178500.00),
(592, 45, 2, '2022-01-01', 70, 3500.00, 245000.00),
(593, 45, 2, '2022-04-01', 63, 3500.00, 220500.00),
(594, 45, 2, '2022-07-01', 64, 3500.00, 224000.00),
(595, 45, 2, '2022-10-01', 70, 3500.00, 245000.00),
(596, 45, 2, '2023-01-01', 51, 3500.00, 178500.00),
(597, 45, 2, '2023-04-01', 46, 3500.00, 161000.00),
(598, 45, 2, '2023-07-01', 42, 3500.00, 147000.00),
(599, 45, 2, '2023-10-01', 54, 3500.00, 189000.00),
(600, 45, 2, '2024-01-01', 65, 3500.00, 227500.00),
(601, 45, 2, '2024-04-01', 31, 3500.00, 108500.00),
(602, 45, 2, '2024-07-01', 38, 3500.00, 133000.00),
(603, 45, 2, '2024-10-01', 50, 3500.00, 175000.00),
(604, 45, 2, '2025-01-01', 37, 3500.00, 129500.00),
(605, 45, 2, '2025-04-01', 37, 3500.00, 129500.00),
(606, 45, 2, '2025-07-01', 30, 3500.00, 105000.00),
(607, 45, 2, '2025-10-01', 57, 3500.00, 199500.00),
(608, 51, 2, '2021-01-01', 61, 3500.00, 213500.00),
(609, 51, 2, '2021-04-01', 32, 3500.00, 112000.00),
(610, 51, 2, '2021-07-01', 48, 3500.00, 168000.00),
(611, 51, 2, '2021-10-01', 53, 3500.00, 185500.00),
(612, 51, 2, '2022-01-01', 40, 3500.00, 140000.00),
(613, 51, 2, '2022-04-01', 39, 3500.00, 136500.00),
(614, 51, 2, '2022-07-01', 57, 3500.00, 199500.00),
(615, 51, 2, '2022-10-01', 59, 3500.00, 206500.00),
(616, 51, 2, '2023-01-01', 49, 3500.00, 171500.00),
(617, 51, 2, '2023-04-01', 39, 3500.00, 136500.00),
(618, 51, 2, '2023-07-01', 66, 3500.00, 231000.00),
(619, 51, 2, '2023-10-01', 67, 3500.00, 234500.00),
(620, 51, 2, '2024-01-01', 42, 3500.00, 147000.00),
(621, 51, 2, '2024-04-01', 67, 3500.00, 234500.00),
(622, 51, 2, '2024-07-01', 47, 3500.00, 164500.00),
(623, 51, 2, '2024-10-01', 69, 3500.00, 241500.00),
(624, 51, 2, '2025-01-01', 64, 3500.00, 224000.00),
(625, 51, 2, '2025-04-01', 54, 3500.00, 189000.00),
(626, 51, 2, '2025-07-01', 51, 3500.00, 178500.00),
(627, 51, 2, '2025-10-01', 70, 3500.00, 245000.00),
(628, 38, 2, '2024-01-01', 45, 4100.00, 184500.00),
(629, 38, 2, '2024-04-01', 21, 4100.00, 86100.00),
(630, 38, 2, '2024-07-01', 22, 4100.00, 90200.00),
(631, 38, 2, '2024-10-01', 47, 4100.00, 192700.00),
(632, 38, 2, '2025-01-01', 25, 4100.00, 102500.00),
(633, 38, 2, '2025-04-01', 26, 4100.00, 106600.00),
(634, 38, 2, '2025-07-01', 31, 4100.00, 127100.00),
(635, 38, 2, '2025-10-01', 50, 4100.00, 205000.00),
(636, 39, 2, '2024-01-01', 25, 4100.00, 102500.00),
(637, 39, 2, '2024-04-01', 20, 4100.00, 82000.00),
(638, 39, 2, '2024-07-01', 42, 4100.00, 172200.00),
(639, 39, 2, '2024-10-01', 27, 4100.00, 110700.00),
(640, 39, 2, '2025-01-01', 32, 4100.00, 131200.00),
(641, 39, 2, '2025-04-01', 46, 4100.00, 188600.00),
(642, 39, 2, '2025-07-01', 36, 4100.00, 147600.00),
(643, 39, 2, '2025-10-01', 49, 4100.00, 200900.00),
(644, 41, 2, '2024-01-01', 39, 4100.00, 159900.00),
(645, 41, 2, '2024-04-01', 49, 4100.00, 200900.00),
(646, 41, 2, '2024-07-01', 49, 4100.00, 200900.00),
(647, 41, 2, '2024-10-01', 46, 4100.00, 188600.00),
(648, 41, 2, '2025-01-01', 48, 4100.00, 196800.00),
(649, 41, 2, '2025-04-01', 33, 4100.00, 135300.00),
(650, 41, 2, '2025-07-01', 35, 4100.00, 143500.00),
(651, 41, 2, '2025-10-01', 37, 4100.00, 151700.00),
(652, 52, 2, '2024-01-01', 30, 7200.00, 216000.00),
(653, 52, 2, '2024-04-01', 32, 7200.00, 230400.00),
(654, 52, 2, '2024-07-01', 27, 7200.00, 194400.00),
(655, 52, 2, '2024-10-01', 27, 7200.00, 194400.00),
(656, 52, 2, '2025-01-01', 19, 7200.00, 136800.00),
(657, 52, 2, '2025-04-01', 20, 7200.00, 144000.00),
(658, 52, 2, '2025-07-01', 19, 7200.00, 136800.00),
(659, 52, 2, '2025-10-01', 39, 7200.00, 280800.00),
(660, 53, 2, '2024-01-01', 28, 7900.00, 221200.00),
(661, 53, 2, '2024-04-01', 25, 7900.00, 197500.00),
(662, 53, 2, '2024-07-01', 15, 7900.00, 118500.00),
(663, 53, 2, '2024-10-01', 18, 7900.00, 142200.00),
(664, 53, 2, '2025-01-01', 32, 7900.00, 252800.00),
(665, 53, 2, '2025-04-01', 38, 7900.00, 300200.00),
(666, 53, 2, '2025-07-01', 19, 7900.00, 150100.00),
(667, 53, 2, '2025-10-01', 32, 7900.00, 252800.00),
(668, 54, 2, '2024-01-01', 27, 7200.00, 194400.00),
(669, 54, 2, '2024-04-01', 31, 7200.00, 223200.00),
(670, 54, 2, '2024-07-01', 31, 7200.00, 223200.00),
(671, 54, 2, '2024-10-01', 39, 7200.00, 280800.00),
(672, 54, 2, '2025-01-01', 28, 7200.00, 201600.00),
(673, 54, 2, '2025-04-01', 37, 7200.00, 266400.00),
(674, 54, 2, '2025-07-01', 38, 7200.00, 273600.00),
(675, 54, 2, '2025-10-01', 21, 7200.00, 151200.00),
(676, 4, 3, '2021-01-01', 72, 1500.00, 108000.00),
(677, 4, 3, '2021-04-01', 85, 1500.00, 127500.00),
(678, 4, 3, '2021-07-01', 64, 1500.00, 96000.00),
(679, 4, 3, '2021-10-01', 88, 1500.00, 132000.00),
(680, 4, 3, '2022-01-01', 69, 1500.00, 103500.00),
(681, 4, 3, '2022-04-01', 77, 1500.00, 115500.00),
(682, 4, 3, '2022-07-01', 81, 1500.00, 121500.00),
(683, 4, 3, '2022-10-01', 63, 1500.00, 94500.00),
(684, 4, 3, '2023-01-01', 84, 1500.00, 126000.00),
(685, 4, 3, '2023-04-01', 75, 1500.00, 112500.00),
(686, 4, 3, '2023-07-01', 66, 1500.00, 99000.00),
(687, 4, 3, '2023-10-01', 89, 1500.00, 133500.00),
(688, 4, 3, '2024-01-01', 70, 1500.00, 105000.00),
(689, 4, 3, '2024-04-01', 82, 1500.00, 123000.00),
(690, 4, 3, '2024-07-01', 65, 1500.00, 97500.00),
(691, 4, 3, '2024-10-01', 78, 1500.00, 117000.00),
(692, 4, 3, '2025-01-01', 86, 1500.00, 129000.00),
(693, 4, 3, '2025-04-01', 61, 1500.00, 91500.00),
(694, 4, 3, '2025-07-01', 73, 1500.00, 109500.00),
(695, 4, 3, '2025-10-01', 80, 1500.00, 120000.00),
(696, 6, 3, '2021-01-01', 65, 1850.00, 120250.00),
(697, 6, 3, '2021-04-01', 87, 1850.00, 160950.00),
(698, 6, 3, '2021-07-01', 74, 1850.00, 136900.00),
(699, 6, 3, '2021-10-01', 82, 1850.00, 151700.00),
(700, 6, 3, '2022-01-01', 68, 1850.00, 125800.00),
(701, 6, 3, '2022-04-01', 79, 1850.00, 146150.00),
(702, 6, 3, '2022-07-01', 61, 1850.00, 112850.00),
(703, 6, 3, '2022-10-01', 88, 1850.00, 162800.00),
(704, 6, 3, '2023-01-01', 76, 1850.00, 140600.00),
(705, 6, 3, '2023-04-01', 83, 1850.00, 153550.00),
(706, 6, 3, '2023-07-01', 62, 1850.00, 114700.00),
(707, 6, 3, '2023-10-01', 90, 1850.00, 166500.00),
(708, 6, 3, '2024-01-01', 71, 1850.00, 131350.00),
(709, 6, 3, '2024-04-01', 85, 1850.00, 157250.00),
(710, 6, 3, '2024-07-01', 66, 1850.00, 122100.00),
(711, 6, 3, '2024-10-01', 73, 1850.00, 135050.00),
(712, 6, 3, '2025-01-01', 80, 1850.00, 148000.00),
(713, 6, 3, '2025-04-01', 69, 1850.00, 127650.00),
(714, 6, 3, '2025-07-01', 84, 1850.00, 155400.00),
(715, 6, 3, '2025-10-01', 77, 1850.00, 142450.00),
(716, 12, 3, '2021-01-01', 60, 1850.00, 111000.00),
(717, 12, 3, '2021-04-01', 81, 1850.00, 149850.00),
(718, 12, 3, '2021-07-01', 86, 1850.00, 159100.00),
(719, 12, 3, '2021-10-01', 72, 1850.00, 133200.00),
(720, 12, 3, '2022-01-01', 67, 1850.00, 123950.00),
(721, 12, 3, '2022-04-01', 89, 1850.00, 164650.00),
(722, 12, 3, '2022-07-01', 75, 1850.00, 138750.00),
(723, 12, 3, '2022-10-01', 64, 1850.00, 118400.00),
(724, 12, 3, '2023-01-01', 83, 1850.00, 153550.00),
(725, 12, 3, '2023-04-01', 68, 1850.00, 125800.00),
(726, 12, 3, '2023-07-01', 78, 1850.00, 144300.00),
(727, 12, 3, '2023-10-01', 62, 1850.00, 114700.00),
(728, 12, 3, '2024-01-01', 85, 1850.00, 157250.00),
(729, 12, 3, '2024-04-01', 70, 1850.00, 129500.00),
(730, 12, 3, '2024-07-01', 66, 1850.00, 122100.00),
(731, 12, 3, '2024-10-01', 74, 1850.00, 136900.00),
(732, 12, 3, '2025-01-01', 88, 1850.00, 162800.00),
(733, 12, 3, '2025-04-01', 63, 1850.00, 116550.00),
(734, 12, 3, '2025-07-01', 79, 1850.00, 146150.00),
(735, 12, 3, '2025-10-01', 71, 1850.00, 131350.00),
(736, 14, 3, '2021-01-01', 69, 1850.00, 127650.00),
(737, 14, 3, '2021-04-01', 82, 1850.00, 151700.00),
(738, 14, 3, '2021-07-01', 73, 1850.00, 135050.00),
(739, 14, 3, '2021-10-01', 65, 1850.00, 120250.00),
(740, 14, 3, '2022-01-01', 80, 1850.00, 148000.00),
(741, 14, 3, '2022-04-01', 66, 1850.00, 122100.00),
(742, 14, 3, '2022-07-01', 87, 1850.00, 160950.00),
(743, 14, 3, '2022-10-01', 76, 1850.00, 140600.00),
(744, 14, 3, '2023-01-01', 61, 1850.00, 112850.00),
(745, 14, 3, '2023-04-01', 84, 1850.00, 155400.00),
(746, 14, 3, '2023-07-01', 77, 1850.00, 142450.00),
(747, 14, 3, '2023-10-01', 71, 1850.00, 131350.00),
(748, 14, 3, '2024-01-01', 90, 1850.00, 166500.00),
(749, 14, 3, '2024-04-01', 63, 1850.00, 116550.00),
(750, 14, 3, '2024-07-01', 88, 1850.00, 162800.00),
(751, 14, 3, '2024-10-01', 68, 1850.00, 125800.00),
(752, 14, 3, '2025-01-01', 75, 1850.00, 138750.00),
(753, 14, 3, '2025-04-01', 81, 1850.00, 149850.00),
(754, 14, 3, '2025-07-01', 64, 1850.00, 118400.00),
(755, 14, 3, '2025-10-01', 72, 1850.00, 133200.00),
(756, 16, 3, '2021-01-01', 74, 1850.00, 136900.00),
(757, 16, 3, '2021-04-01', 86, 1850.00, 159100.00),
(758, 16, 3, '2021-07-01', 67, 1850.00, 123950.00),
(759, 16, 3, '2021-10-01', 89, 1850.00, 164650.00),
(760, 16, 3, '2022-01-01', 60, 1850.00, 111000.00),
(761, 16, 3, '2022-04-01', 83, 1850.00, 153550.00),
(762, 16, 3, '2022-07-01', 78, 1850.00, 144300.00),
(763, 16, 3, '2022-10-01', 65, 1850.00, 120250.00),
(764, 16, 3, '2023-01-01', 72, 1850.00, 133200.00),
(765, 16, 3, '2023-04-01', 81, 1850.00, 149850.00),
(766, 16, 3, '2023-07-01', 75, 1850.00, 138750.00),
(767, 16, 3, '2023-10-01', 62, 1850.00, 114700.00),
(768, 16, 3, '2024-01-01', 88, 1850.00, 162800.00),
(769, 16, 3, '2024-04-01', 69, 1850.00, 127650.00),
(770, 16, 3, '2024-07-01', 85, 1850.00, 157250.00),
(771, 16, 3, '2024-10-01', 66, 1850.00, 122100.00),
(772, 16, 3, '2025-01-01', 79, 1850.00, 146150.00),
(773, 16, 3, '2025-04-01', 84, 1850.00, 155400.00),
(774, 16, 3, '2025-07-01', 70, 1850.00, 129500.00),
(775, 16, 3, '2025-10-01', 76, 1850.00, 140600.00),
(776, 18, 3, '2021-01-01', 85, 1850.00, 157250.00),
(777, 18, 3, '2021-04-01', 71, 1850.00, 131350.00),
(778, 18, 3, '2021-07-01', 63, 1850.00, 116550.00),
(779, 18, 3, '2021-10-01', 82, 1850.00, 151700.00),
(780, 18, 3, '2022-01-01', 77, 1850.00, 142450.00),
(781, 18, 3, '2022-04-01', 68, 1850.00, 125800.00),
(782, 18, 3, '2022-07-01', 90, 1850.00, 166500.00),
(783, 18, 3, '2022-10-01', 64, 1850.00, 118400.00),
(784, 18, 3, '2023-01-01', 75, 1850.00, 138750.00),
(785, 18, 3, '2023-04-01', 86, 1850.00, 159100.00),
(786, 18, 3, '2023-07-01', 73, 1850.00, 135050.00),
(787, 18, 3, '2023-10-01', 61, 1850.00, 112850.00),
(788, 18, 3, '2024-01-01', 80, 1850.00, 148000.00),
(789, 18, 3, '2024-04-01', 70, 1850.00, 129500.00),
(790, 18, 3, '2024-07-01', 66, 1850.00, 122100.00),
(791, 18, 3, '2024-10-01', 78, 1850.00, 144300.00),
(792, 18, 3, '2025-01-01', 88, 1850.00, 162800.00),
(793, 18, 3, '2025-04-01', 69, 1850.00, 127650.00),
(794, 18, 3, '2025-07-01', 74, 1850.00, 136900.00),
(795, 18, 3, '2025-10-01', 81, 1850.00, 149850.00),
(796, 23, 3, '2021-01-01', 68, 2300.00, 156400.00),
(797, 23, 3, '2021-04-01', 84, 2300.00, 193200.00),
(798, 23, 3, '2021-07-01', 75, 2300.00, 172500.00),
(799, 23, 3, '2021-10-01', 62, 2300.00, 142600.00),
(800, 23, 3, '2022-01-01', 89, 2300.00, 204700.00),
(801, 23, 3, '2022-04-01', 71, 2300.00, 163300.00),
(802, 23, 3, '2022-07-01', 80, 2300.00, 184000.00),
(803, 23, 3, '2022-10-01', 65, 2300.00, 149500.00),
(804, 23, 3, '2023-01-01', 77, 2300.00, 177100.00),
(805, 23, 3, '2023-04-01', 86, 2300.00, 197800.00),
(806, 23, 3, '2023-07-01', 60, 2300.00, 138000.00),
(807, 23, 3, '2023-10-01', 73, 2300.00, 167900.00),
(808, 23, 3, '2024-01-01', 83, 2300.00, 190900.00),
(809, 23, 3, '2024-04-01', 70, 2300.00, 161000.00),
(810, 23, 3, '2024-07-01', 66, 2300.00, 151800.00),
(811, 23, 3, '2024-10-01', 88, 2300.00, 202400.00),
(812, 23, 3, '2025-01-01', 79, 2300.00, 181700.00),
(813, 23, 3, '2025-04-01', 64, 2300.00, 147200.00),
(814, 23, 3, '2025-07-01', 82, 2300.00, 188600.00),
(815, 23, 3, '2025-10-01', 75, 2300.00, 172500.00),
(816, 33, 3, '2021-01-01', 72, 2300.00, 165600.00),
(817, 33, 3, '2021-04-01', 81, 2300.00, 186300.00),
(818, 33, 3, '2021-07-01', 67, 2300.00, 154100.00),
(819, 33, 3, '2021-10-01', 85, 2300.00, 195500.00),
(820, 33, 3, '2022-01-01', 63, 2300.00, 144900.00),
(821, 33, 3, '2022-04-01', 78, 2300.00, 179400.00),
(822, 33, 3, '2022-07-01', 90, 2300.00, 207000.00),
(823, 33, 3, '2022-10-01', 74, 2300.00, 170200.00),
(824, 33, 3, '2023-01-01', 66, 2300.00, 151800.00),
(825, 33, 3, '2023-04-01', 87, 2300.00, 200100.00),
(826, 33, 3, '2023-07-01', 70, 2300.00, 161000.00),
(827, 33, 3, '2023-10-01', 62, 2300.00, 142600.00),
(828, 33, 3, '2024-01-01', 84, 2300.00, 193200.00),
(829, 33, 3, '2024-04-01', 76, 2300.00, 174800.00),
(830, 33, 3, '2024-07-01', 69, 2300.00, 158700.00),
(831, 33, 3, '2024-10-01', 80, 2300.00, 184000.00),
(832, 33, 3, '2025-01-01', 75, 2300.00, 172500.00),
(833, 33, 3, '2025-04-01', 68, 2300.00, 156400.00),
(834, 33, 3, '2025-07-01', 83, 2300.00, 190900.00),
(835, 33, 3, '2025-10-01', 61, 2300.00, 140300.00),
(836, 25, 3, '2021-01-01', 45, 4000.00, 180000.00),
(837, 25, 3, '2021-04-01', 66, 4000.00, 264000.00),
(838, 25, 3, '2021-07-01', 34, 4000.00, 136000.00),
(839, 25, 3, '2021-10-01', 58, 4000.00, 232000.00),
(840, 25, 3, '2022-01-01', 40, 4000.00, 160000.00),
(841, 25, 3, '2022-04-01', 52, 4000.00, 208000.00),
(842, 25, 3, '2022-07-01', 68, 4000.00, 272000.00),
(843, 25, 3, '2022-10-01', 31, 4000.00, 124000.00),
(844, 25, 3, '2023-01-01', 60, 4000.00, 240000.00),
(845, 25, 3, '2023-04-01', 44, 4000.00, 176000.00),
(846, 25, 3, '2023-07-01', 37, 4000.00, 148000.00),
(847, 25, 3, '2023-10-01', 55, 4000.00, 220000.00),
(848, 25, 3, '2024-01-01', 70, 4000.00, 280000.00),
(849, 25, 3, '2024-04-01', 39, 4000.00, 156000.00),
(850, 25, 3, '2024-07-01', 48, 4000.00, 192000.00),
(851, 25, 3, '2024-10-01', 63, 4000.00, 252000.00),
(852, 25, 3, '2025-01-01', 50, 4000.00, 200000.00),
(853, 25, 3, '2025-04-01', 33, 4000.00, 132000.00),
(854, 25, 3, '2025-07-01', 65, 4000.00, 260000.00),
(855, 25, 3, '2025-10-01', 42, 4000.00, 168000.00),
(856, 35, 3, '2021-01-01', 51, 4000.00, 204000.00),
(857, 35, 3, '2021-04-01', 38, 4000.00, 152000.00),
(858, 35, 3, '2021-07-01', 62, 4000.00, 248000.00),
(859, 35, 3, '2021-10-01', 47, 4000.00, 188000.00),
(860, 35, 3, '2022-01-01', 35, 4000.00, 140000.00),
(861, 35, 3, '2022-04-01', 69, 4000.00, 276000.00),
(862, 35, 3, '2022-07-01', 56, 4000.00, 224000.00),
(863, 35, 3, '2022-10-01', 41, 4000.00, 164000.00),
(864, 35, 3, '2023-01-01', 64, 4000.00, 256000.00),
(865, 35, 3, '2023-04-01', 32, 4000.00, 128000.00),
(866, 35, 3, '2023-07-01', 59, 4000.00, 236000.00),
(867, 35, 3, '2023-10-01', 43, 4000.00, 172000.00),
(868, 35, 3, '2024-01-01', 67, 4000.00, 268000.00),
(869, 35, 3, '2024-04-01', 30, 4000.00, 120000.00),
(870, 35, 3, '2024-07-01', 53, 4000.00, 212000.00),
(871, 35, 3, '2024-10-01', 49, 4000.00, 196000.00),
(872, 35, 3, '2025-01-01', 36, 4000.00, 144000.00),
(873, 35, 3, '2025-04-01', 70, 4000.00, 280000.00),
(874, 35, 3, '2025-07-01', 45, 4000.00, 180000.00),
(875, 35, 3, '2025-10-01', 55, 4000.00, 220000.00),
(876, 36, 3, '2021-01-01', 42, 3500.00, 147000.00),
(877, 36, 3, '2021-04-01', 65, 3500.00, 227500.00),
(878, 36, 3, '2021-07-01', 36, 3500.00, 126000.00),
(879, 36, 3, '2021-10-01', 50, 3500.00, 175000.00),
(880, 36, 3, '2022-01-01', 68, 3500.00, 238000.00),
(881, 36, 3, '2022-04-01', 33, 3500.00, 115500.00),
(882, 36, 3, '2022-07-01', 57, 3500.00, 199500.00),
(883, 36, 3, '2022-10-01', 48, 3500.00, 168000.00),
(884, 36, 3, '2023-01-01', 61, 3500.00, 213500.00),
(885, 36, 3, '2023-04-01', 39, 3500.00, 136500.00),
(886, 36, 3, '2023-07-01', 45, 3500.00, 157500.00),
(887, 36, 3, '2023-10-01', 54, 3500.00, 189000.00),
(888, 36, 3, '2024-01-01', 70, 3500.00, 245000.00),
(889, 36, 3, '2024-04-01', 31, 3500.00, 108500.00),
(890, 36, 3, '2024-07-01', 63, 3500.00, 220500.00),
(891, 36, 3, '2024-10-01', 40, 3500.00, 140000.00),
(892, 36, 3, '2025-01-01', 55, 3500.00, 192500.00),
(893, 36, 3, '2025-04-01', 49, 3500.00, 171500.00),
(894, 36, 3, '2025-07-01', 35, 3500.00, 122500.00),
(895, 36, 3, '2025-10-01', 66, 3500.00, 231000.00),
(896, 42, 3, '2021-01-01', 53, 3500.00, 185500.00),
(897, 42, 3, '2021-04-01', 47, 3500.00, 164500.00),
(898, 42, 3, '2021-07-01', 64, 3500.00, 224000.00),
(899, 42, 3, '2021-10-01', 38, 3500.00, 133000.00),
(900, 42, 3, '2022-01-01', 69, 3500.00, 241500.00),
(901, 42, 3, '2022-04-01', 55, 3500.00, 192500.00),
(902, 42, 3, '2022-07-01', 32, 3500.00, 112000.00),
(903, 42, 3, '2022-10-01', 60, 3500.00, 210000.00),
(904, 42, 3, '2023-01-01', 41, 3500.00, 143500.00),
(905, 42, 3, '2023-04-01', 58, 3500.00, 203000.00),
(906, 42, 3, '2023-07-01', 50, 3500.00, 175000.00),
(907, 42, 3, '2023-10-01', 34, 3500.00, 119000.00),
(908, 42, 3, '2024-01-01', 67, 3500.00, 234500.00),
(909, 42, 3, '2024-04-01', 46, 3500.00, 161000.00),
(910, 42, 3, '2024-07-01', 43, 3500.00, 150500.00),
(911, 42, 3, '2024-10-01', 62, 3500.00, 217000.00),
(912, 42, 3, '2025-01-01', 36, 3500.00, 126000.00),
(913, 42, 3, '2025-04-01', 51, 3500.00, 178500.00),
(914, 42, 3, '2025-07-01', 70, 3500.00, 245000.00),
(915, 42, 3, '2025-10-01', 30, 3500.00, 105000.00),
(916, 45, 3, '2021-01-01', 66, 3500.00, 231000.00),
(917, 45, 3, '2021-04-01', 35, 3500.00, 122500.00),
(918, 45, 3, '2021-07-01', 52, 3500.00, 182000.00),
(919, 45, 3, '2021-10-01', 49, 3500.00, 171500.00),
(920, 45, 3, '2022-01-01', 59, 3500.00, 206500.00),
(921, 45, 3, '2022-04-01', 45, 3500.00, 157500.00),
(922, 45, 3, '2022-07-01', 37, 3500.00, 129500.00),
(923, 45, 3, '2022-10-01', 63, 3500.00, 220500.00),
(924, 45, 3, '2023-01-01', 70, 3500.00, 245000.00),
(925, 45, 3, '2023-04-01', 41, 3500.00, 143500.00),
(926, 45, 3, '2023-07-01', 56, 3500.00, 196000.00),
(927, 45, 3, '2023-10-01', 31, 3500.00, 108500.00),
(928, 45, 3, '2024-01-01', 68, 3500.00, 238000.00),
(929, 45, 3, '2024-04-01', 48, 3500.00, 168000.00),
(930, 45, 3, '2024-07-01', 33, 3500.00, 115500.00),
(931, 45, 3, '2024-10-01', 54, 3500.00, 189000.00),
(932, 45, 3, '2025-01-01', 61, 3500.00, 213500.00),
(933, 45, 3, '2025-04-01', 42, 3500.00, 147000.00),
(934, 45, 3, '2025-07-01', 39, 3500.00, 136500.00),
(935, 45, 3, '2025-10-01', 50, 3500.00, 175000.00),
(936, 51, 3, '2021-01-01', 34, 3500.00, 119000.00),
(937, 51, 3, '2021-04-01', 62, 3500.00, 217000.00),
(938, 51, 3, '2021-07-01', 51, 3500.00, 178500.00),
(939, 51, 3, '2021-10-01', 69, 3500.00, 241500.00),
(940, 51, 3, '2022-01-01', 47, 3500.00, 164500.00),
(941, 51, 3, '2022-04-01', 55, 3500.00, 192500.00),
(942, 51, 3, '2022-07-01', 43, 3500.00, 150500.00),
(943, 51, 3, '2022-10-01', 36, 3500.00, 126000.00),
(944, 51, 3, '2023-01-01', 65, 3500.00, 227500.00),
(945, 51, 3, '2023-04-01', 58, 3500.00, 203000.00),
(946, 51, 3, '2023-07-01', 30, 3500.00, 105000.00),
(947, 51, 3, '2023-10-01', 70, 3500.00, 245000.00),
(948, 51, 3, '2024-01-01', 38, 3500.00, 133000.00),
(949, 51, 3, '2024-04-01', 53, 3500.00, 185500.00),
(950, 51, 3, '2024-07-01', 60, 3500.00, 210000.00),
(951, 51, 3, '2024-10-01', 46, 3500.00, 161000.00),
(952, 51, 3, '2025-01-01', 40, 3500.00, 140000.00),
(953, 51, 3, '2025-04-01', 64, 3500.00, 224000.00),
(954, 51, 3, '2025-07-01', 57, 3500.00, 199500.00),
(955, 51, 3, '2025-10-01', 44, 3500.00, 154000.00),
(956, 38, 3, '2024-01-01', 35, 4100.00, 143500.00),
(957, 38, 3, '2024-04-01', 22, 4100.00, 90200.00),
(958, 38, 3, '2024-07-01', 48, 4100.00, 196800.00),
(959, 38, 3, '2024-10-01', 41, 4100.00, 168100.00),
(960, 38, 3, '2025-01-01', 29, 4100.00, 118900.00),
(961, 38, 3, '2025-04-01', 50, 4100.00, 205000.00),
(962, 38, 3, '2025-07-01', 26, 4100.00, 106600.00),
(963, 38, 3, '2025-10-01', 37, 4100.00, 151700.00),
(964, 39, 3, '2024-01-01', 44, 4100.00, 180400.00),
(965, 39, 3, '2024-04-01', 31, 4100.00, 127100.00),
(966, 39, 3, '2024-07-01', 20, 4100.00, 82000.00),
(967, 39, 3, '2024-10-01', 46, 4100.00, 188600.00),
(968, 39, 3, '2025-01-01', 39, 4100.00, 159900.00),
(969, 39, 3, '2025-04-01', 25, 4100.00, 102500.00),
(970, 39, 3, '2025-07-01', 33, 4100.00, 135300.00),
(971, 39, 3, '2025-10-01', 49, 4100.00, 200900.00),
(972, 41, 3, '2024-01-01', 27, 4100.00, 110700.00),
(973, 41, 3, '2024-04-01', 42, 4100.00, 172200.00),
(974, 41, 3, '2024-07-01', 38, 4100.00, 155800.00),
(975, 41, 3, '2024-10-01', 23, 4100.00, 94300.00),
(976, 41, 3, '2025-01-01', 45, 4100.00, 184500.00),
(977, 41, 3, '2025-04-01', 30, 4100.00, 123000.00),
(978, 41, 3, '2025-07-01', 47, 4100.00, 192700.00),
(979, 41, 3, '2025-10-01', 34, 4100.00, 139400.00),
(980, 52, 3, '2024-01-01', 19, 7200.00, 136800.00),
(981, 52, 3, '2024-04-01', 38, 7200.00, 273600.00),
(982, 52, 3, '2024-07-01', 25, 7200.00, 180000.00),
(983, 52, 3, '2024-10-01', 31, 7200.00, 223200.00),
(984, 52, 3, '2025-01-01', 16, 7200.00, 115200.00),
(985, 52, 3, '2025-04-01', 40, 7200.00, 288000.00),
(986, 52, 3, '2025-07-01', 28, 7200.00, 201600.00),
(987, 52, 3, '2025-10-01', 34, 7200.00, 244800.00),
(988, 53, 3, '2024-01-01', 33, 7900.00, 260700.00),
(989, 53, 3, '2024-04-01', 20, 7900.00, 158000.00),
(990, 53, 3, '2024-07-01', 39, 7900.00, 308100.00),
(991, 53, 3, '2024-10-01', 15, 7900.00, 118500.00),
(992, 53, 3, '2025-01-01', 26, 7900.00, 205400.00),
(993, 53, 3, '2025-04-01', 37, 7900.00, 292300.00),
(994, 53, 3, '2025-07-01', 29, 7900.00, 229100.00),
(995, 53, 3, '2025-10-01', 22, 7900.00, 173800.00),
(996, 54, 3, '2024-01-01', 36, 7200.00, 259200.00),
(997, 54, 3, '2024-04-01', 24, 7200.00, 172800.00),
(998, 54, 3, '2024-07-01', 17, 7200.00, 122400.00),
(999, 54, 3, '2024-10-01', 30, 7200.00, 216000.00),
(1000, 54, 3, '2025-01-01', 21, 7200.00, 151200.00),
(1001, 54, 3, '2025-04-01', 39, 7200.00, 280800.00),
(1002, 54, 3, '2025-07-01', 27, 7200.00, 194400.00),
(1003, 54, 3, '2025-10-01', 32, 7200.00, 230400.00),
(1004, 4, 4, '2021-01-01', 78, 1500.00, 117000.00);
INSERT INTO `kiralama` (`kiralama_id`, `arac_id`, `sube_id`, `kiralama_tarihi`, `kiralama_suresi`, `gunluk_ucret`, `kiralama_ucreti`) VALUES
(1005, 4, 4, '2021-04-01', 68, 1500.00, 102000.00),
(1006, 4, 4, '2021-07-01', 84, 1500.00, 126000.00),
(1007, 4, 4, '2021-10-01', 84, 1500.00, 126000.00),
(1008, 4, 4, '2022-01-01', 68, 1500.00, 102000.00),
(1009, 4, 4, '2022-04-01', 74, 1500.00, 111000.00),
(1010, 4, 4, '2022-07-01', 67, 1500.00, 100500.00),
(1011, 4, 4, '2022-10-01', 71, 1500.00, 106500.00),
(1012, 4, 4, '2023-01-01', 80, 1500.00, 120000.00),
(1013, 4, 4, '2023-04-01', 63, 1500.00, 94500.00),
(1014, 4, 4, '2023-07-01', 70, 1500.00, 105000.00),
(1015, 4, 4, '2023-10-01', 74, 1500.00, 111000.00),
(1016, 4, 4, '2024-01-01', 86, 1500.00, 129000.00),
(1017, 4, 4, '2024-04-01', 89, 1500.00, 133500.00),
(1018, 4, 4, '2024-07-01', 65, 1500.00, 97500.00),
(1019, 4, 4, '2024-10-01', 69, 1500.00, 103500.00),
(1020, 4, 4, '2025-01-01', 87, 1500.00, 130500.00),
(1021, 4, 4, '2025-04-01', 76, 1500.00, 114000.00),
(1022, 4, 4, '2025-07-01', 65, 1500.00, 97500.00),
(1023, 4, 4, '2025-10-01', 66, 1500.00, 99000.00),
(1024, 6, 4, '2021-01-01', 62, 1850.00, 114700.00),
(1025, 6, 4, '2021-04-01', 75, 1850.00, 138750.00),
(1026, 6, 4, '2021-07-01', 83, 1850.00, 153550.00),
(1027, 6, 4, '2021-10-01', 63, 1850.00, 116550.00),
(1028, 6, 4, '2022-01-01', 85, 1850.00, 157250.00),
(1029, 6, 4, '2022-04-01', 73, 1850.00, 135050.00),
(1030, 6, 4, '2022-07-01', 86, 1850.00, 159100.00),
(1031, 6, 4, '2022-10-01', 80, 1850.00, 148000.00),
(1032, 6, 4, '2023-01-01', 85, 1850.00, 157250.00),
(1033, 6, 4, '2023-04-01', 79, 1850.00, 146150.00),
(1034, 6, 4, '2023-07-01', 60, 1850.00, 111000.00),
(1035, 6, 4, '2023-10-01', 61, 1850.00, 112850.00),
(1036, 6, 4, '2024-01-01', 84, 1850.00, 155400.00),
(1037, 6, 4, '2024-04-01', 71, 1850.00, 131350.00),
(1038, 6, 4, '2024-07-01', 79, 1850.00, 146150.00),
(1039, 6, 4, '2024-10-01', 80, 1850.00, 148000.00),
(1040, 6, 4, '2025-01-01', 61, 1850.00, 112850.00),
(1041, 6, 4, '2025-04-01', 69, 1850.00, 127650.00),
(1042, 6, 4, '2025-07-01', 87, 1850.00, 160950.00),
(1043, 6, 4, '2025-10-01', 72, 1850.00, 133200.00),
(1044, 12, 4, '2021-01-01', 86, 1850.00, 159100.00),
(1045, 12, 4, '2021-04-01', 68, 1850.00, 125800.00),
(1046, 12, 4, '2021-07-01', 67, 1850.00, 123950.00),
(1047, 12, 4, '2021-10-01', 71, 1850.00, 131350.00),
(1048, 12, 4, '2022-01-01', 90, 1850.00, 166500.00),
(1049, 12, 4, '2022-04-01', 64, 1850.00, 118400.00),
(1050, 12, 4, '2022-07-01', 88, 1850.00, 162800.00),
(1051, 12, 4, '2022-10-01', 60, 1850.00, 111000.00),
(1052, 12, 4, '2023-01-01', 61, 1850.00, 112850.00),
(1053, 12, 4, '2023-04-01', 60, 1850.00, 111000.00),
(1054, 12, 4, '2023-07-01', 64, 1850.00, 118400.00),
(1055, 12, 4, '2023-10-01', 63, 1850.00, 116550.00),
(1056, 12, 4, '2024-01-01', 90, 1850.00, 166500.00),
(1057, 12, 4, '2024-04-01', 64, 1850.00, 118400.00),
(1058, 12, 4, '2024-07-01', 89, 1850.00, 164650.00),
(1059, 12, 4, '2024-10-01', 88, 1850.00, 162800.00),
(1060, 12, 4, '2025-01-01', 84, 1850.00, 155400.00),
(1061, 12, 4, '2025-04-01', 89, 1850.00, 164650.00),
(1062, 12, 4, '2025-07-01', 71, 1850.00, 131350.00),
(1063, 12, 4, '2025-10-01', 61, 1850.00, 112850.00),
(1064, 14, 4, '2021-01-01', 62, 1850.00, 114700.00),
(1065, 14, 4, '2021-04-01', 68, 1850.00, 125800.00),
(1066, 14, 4, '2021-07-01', 84, 1850.00, 155400.00),
(1067, 14, 4, '2021-10-01', 76, 1850.00, 140600.00),
(1068, 14, 4, '2022-01-01', 73, 1850.00, 135050.00),
(1069, 14, 4, '2022-04-01', 80, 1850.00, 148000.00),
(1070, 14, 4, '2022-07-01', 88, 1850.00, 162800.00),
(1071, 14, 4, '2022-10-01', 67, 1850.00, 123950.00),
(1072, 14, 4, '2023-01-01', 69, 1850.00, 127650.00),
(1073, 14, 4, '2023-04-01', 68, 1850.00, 125800.00),
(1074, 14, 4, '2023-07-01', 63, 1850.00, 116550.00),
(1075, 14, 4, '2023-10-01', 71, 1850.00, 131350.00),
(1076, 14, 4, '2024-01-01', 70, 1850.00, 129500.00),
(1077, 14, 4, '2024-04-01', 60, 1850.00, 111000.00),
(1078, 14, 4, '2024-07-01', 64, 1850.00, 118400.00),
(1079, 14, 4, '2024-10-01', 69, 1850.00, 127650.00),
(1080, 14, 4, '2025-01-01', 65, 1850.00, 120250.00),
(1081, 14, 4, '2025-04-01', 66, 1850.00, 122100.00),
(1082, 14, 4, '2025-07-01', 83, 1850.00, 153550.00),
(1083, 14, 4, '2025-10-01', 81, 1850.00, 149850.00),
(1084, 16, 4, '2021-01-01', 84, 1850.00, 155400.00),
(1085, 16, 4, '2021-04-01', 60, 1850.00, 111000.00),
(1086, 16, 4, '2021-07-01', 83, 1850.00, 153550.00),
(1087, 16, 4, '2021-10-01', 81, 1850.00, 149850.00),
(1088, 16, 4, '2022-01-01', 83, 1850.00, 153550.00),
(1089, 16, 4, '2022-04-01', 88, 1850.00, 162800.00),
(1090, 16, 4, '2022-07-01', 67, 1850.00, 123950.00),
(1091, 16, 4, '2022-10-01', 86, 1850.00, 159100.00),
(1092, 16, 4, '2023-01-01', 77, 1850.00, 142450.00),
(1093, 16, 4, '2023-04-01', 74, 1850.00, 136900.00),
(1094, 16, 4, '2023-07-01', 68, 1850.00, 125800.00),
(1095, 16, 4, '2023-10-01', 86, 1850.00, 159100.00),
(1096, 16, 4, '2024-01-01', 69, 1850.00, 127650.00),
(1097, 16, 4, '2024-04-01', 80, 1850.00, 148000.00),
(1098, 16, 4, '2024-07-01', 61, 1850.00, 112850.00),
(1099, 16, 4, '2024-10-01', 86, 1850.00, 159100.00),
(1100, 16, 4, '2025-01-01', 89, 1850.00, 164650.00),
(1101, 16, 4, '2025-04-01', 76, 1850.00, 140600.00),
(1102, 16, 4, '2025-07-01', 65, 1850.00, 120250.00),
(1103, 16, 4, '2025-10-01', 83, 1850.00, 153550.00),
(1104, 18, 4, '2021-01-01', 89, 1850.00, 164650.00),
(1105, 18, 4, '2021-04-01', 77, 1850.00, 142450.00),
(1106, 18, 4, '2021-07-01', 82, 1850.00, 151700.00),
(1107, 18, 4, '2021-10-01', 61, 1850.00, 112850.00),
(1108, 18, 4, '2022-01-01', 81, 1850.00, 149850.00),
(1109, 18, 4, '2022-04-01', 71, 1850.00, 131350.00),
(1110, 18, 4, '2022-07-01', 83, 1850.00, 153550.00),
(1111, 18, 4, '2022-10-01', 73, 1850.00, 135050.00),
(1112, 18, 4, '2023-01-01', 89, 1850.00, 164650.00),
(1113, 18, 4, '2023-04-01', 73, 1850.00, 135050.00),
(1114, 18, 4, '2023-07-01', 78, 1850.00, 144300.00),
(1115, 18, 4, '2023-10-01', 76, 1850.00, 140600.00),
(1116, 18, 4, '2024-01-01', 76, 1850.00, 140600.00),
(1117, 18, 4, '2024-04-01', 90, 1850.00, 166500.00),
(1118, 18, 4, '2024-07-01', 90, 1850.00, 166500.00),
(1119, 18, 4, '2024-10-01', 90, 1850.00, 166500.00),
(1120, 18, 4, '2025-01-01', 78, 1850.00, 144300.00),
(1121, 18, 4, '2025-04-01', 83, 1850.00, 153550.00),
(1122, 18, 4, '2025-07-01', 77, 1850.00, 142450.00),
(1123, 18, 4, '2025-10-01', 72, 1850.00, 133200.00),
(1124, 23, 4, '2021-01-01', 81, 2300.00, 186300.00),
(1125, 23, 4, '2021-04-01', 68, 2300.00, 156400.00),
(1126, 23, 4, '2021-07-01', 80, 2300.00, 184000.00),
(1127, 23, 4, '2021-10-01', 72, 2300.00, 165600.00),
(1128, 23, 4, '2022-01-01', 60, 2300.00, 138000.00),
(1129, 23, 4, '2022-04-01', 72, 2300.00, 165600.00),
(1130, 23, 4, '2022-07-01', 72, 2300.00, 165600.00),
(1131, 23, 4, '2022-10-01', 82, 2300.00, 188600.00),
(1132, 23, 4, '2023-01-01', 86, 2300.00, 197800.00),
(1133, 23, 4, '2023-04-01', 60, 2300.00, 138000.00),
(1134, 23, 4, '2023-07-01', 61, 2300.00, 140300.00),
(1135, 23, 4, '2023-10-01', 62, 2300.00, 142600.00),
(1136, 23, 4, '2024-01-01', 84, 2300.00, 193200.00),
(1137, 23, 4, '2024-04-01', 85, 2300.00, 195500.00),
(1138, 23, 4, '2024-07-01', 66, 2300.00, 151800.00),
(1139, 23, 4, '2024-10-01', 64, 2300.00, 147200.00),
(1140, 23, 4, '2025-01-01', 77, 2300.00, 177100.00),
(1141, 23, 4, '2025-04-01', 83, 2300.00, 190900.00),
(1142, 23, 4, '2025-07-01', 71, 2300.00, 163300.00),
(1143, 23, 4, '2025-10-01', 63, 2300.00, 144900.00),
(1144, 33, 4, '2021-01-01', 65, 2300.00, 149500.00),
(1145, 33, 4, '2021-04-01', 89, 2300.00, 204700.00),
(1146, 33, 4, '2021-07-01', 82, 2300.00, 188600.00),
(1147, 33, 4, '2021-10-01', 70, 2300.00, 161000.00),
(1148, 33, 4, '2022-01-01', 72, 2300.00, 165600.00),
(1149, 33, 4, '2022-04-01', 65, 2300.00, 149500.00),
(1150, 33, 4, '2022-07-01', 82, 2300.00, 188600.00),
(1151, 33, 4, '2022-10-01', 67, 2300.00, 154100.00),
(1152, 33, 4, '2023-01-01', 80, 2300.00, 184000.00),
(1153, 33, 4, '2023-04-01', 87, 2300.00, 200100.00),
(1154, 33, 4, '2023-07-01', 63, 2300.00, 144900.00),
(1155, 33, 4, '2023-10-01', 85, 2300.00, 195500.00),
(1156, 33, 4, '2024-01-01', 78, 2300.00, 179400.00),
(1157, 33, 4, '2024-04-01', 89, 2300.00, 204700.00),
(1158, 33, 4, '2024-07-01', 83, 2300.00, 190900.00),
(1159, 33, 4, '2024-10-01', 81, 2300.00, 186300.00),
(1160, 33, 4, '2025-01-01', 85, 2300.00, 195500.00),
(1161, 33, 4, '2025-04-01', 79, 2300.00, 181700.00),
(1162, 33, 4, '2025-07-01', 62, 2300.00, 142600.00),
(1163, 33, 4, '2025-10-01', 79, 2300.00, 181700.00),
(1164, 25, 4, '2021-01-01', 36, 4000.00, 144000.00),
(1165, 25, 4, '2021-04-01', 55, 4000.00, 220000.00),
(1166, 25, 4, '2021-07-01', 47, 4000.00, 188000.00),
(1167, 25, 4, '2021-10-01', 70, 4000.00, 280000.00),
(1168, 25, 4, '2022-01-01', 47, 4000.00, 188000.00),
(1169, 25, 4, '2022-04-01', 43, 4000.00, 172000.00),
(1170, 25, 4, '2022-07-01', 58, 4000.00, 232000.00),
(1171, 25, 4, '2022-10-01', 34, 4000.00, 136000.00),
(1172, 25, 4, '2023-01-01', 40, 4000.00, 160000.00),
(1173, 25, 4, '2023-04-01', 36, 4000.00, 144000.00),
(1174, 25, 4, '2023-07-01', 33, 4000.00, 132000.00),
(1175, 25, 4, '2023-10-01', 36, 4000.00, 144000.00),
(1176, 25, 4, '2024-01-01', 46, 4000.00, 184000.00),
(1177, 25, 4, '2024-04-01', 45, 4000.00, 180000.00),
(1178, 25, 4, '2024-07-01', 41, 4000.00, 164000.00),
(1179, 25, 4, '2024-10-01', 68, 4000.00, 272000.00),
(1180, 25, 4, '2025-01-01', 37, 4000.00, 148000.00),
(1181, 25, 4, '2025-04-01', 63, 4000.00, 252000.00),
(1182, 25, 4, '2025-07-01', 46, 4000.00, 184000.00),
(1183, 25, 4, '2025-10-01', 31, 4000.00, 124000.00),
(1184, 35, 4, '2021-01-01', 35, 4000.00, 140000.00),
(1185, 35, 4, '2021-04-01', 48, 4000.00, 192000.00),
(1186, 35, 4, '2021-07-01', 38, 4000.00, 152000.00),
(1187, 35, 4, '2021-10-01', 40, 4000.00, 160000.00),
(1188, 35, 4, '2022-01-01', 55, 4000.00, 220000.00),
(1189, 35, 4, '2022-04-01', 66, 4000.00, 264000.00),
(1190, 35, 4, '2022-07-01', 30, 4000.00, 120000.00),
(1191, 35, 4, '2022-10-01', 37, 4000.00, 148000.00),
(1192, 35, 4, '2023-01-01', 40, 4000.00, 160000.00),
(1193, 35, 4, '2023-04-01', 45, 4000.00, 180000.00),
(1194, 35, 4, '2023-07-01', 66, 4000.00, 264000.00),
(1195, 35, 4, '2023-10-01', 31, 4000.00, 124000.00),
(1196, 35, 4, '2024-01-01', 55, 4000.00, 220000.00),
(1197, 35, 4, '2024-04-01', 56, 4000.00, 224000.00),
(1198, 35, 4, '2024-07-01', 55, 4000.00, 220000.00),
(1199, 35, 4, '2024-10-01', 44, 4000.00, 176000.00),
(1200, 35, 4, '2025-01-01', 50, 4000.00, 200000.00),
(1201, 35, 4, '2025-04-01', 35, 4000.00, 140000.00),
(1202, 35, 4, '2025-07-01', 42, 4000.00, 168000.00),
(1203, 35, 4, '2025-10-01', 54, 4000.00, 216000.00),
(1204, 36, 4, '2021-01-01', 67, 3500.00, 234500.00),
(1205, 36, 4, '2021-04-01', 31, 3500.00, 108500.00),
(1206, 36, 4, '2021-07-01', 46, 3500.00, 161000.00),
(1207, 36, 4, '2021-10-01', 33, 3500.00, 115500.00),
(1208, 36, 4, '2022-01-01', 56, 3500.00, 196000.00),
(1209, 36, 4, '2022-04-01', 56, 3500.00, 196000.00),
(1210, 36, 4, '2022-07-01', 31, 3500.00, 108500.00),
(1211, 36, 4, '2022-10-01', 30, 3500.00, 105000.00),
(1212, 36, 4, '2023-01-01', 70, 3500.00, 245000.00),
(1213, 36, 4, '2023-04-01', 40, 3500.00, 140000.00),
(1214, 36, 4, '2023-07-01', 38, 3500.00, 133000.00),
(1215, 36, 4, '2023-10-01', 67, 3500.00, 234500.00),
(1216, 36, 4, '2024-01-01', 46, 3500.00, 161000.00),
(1217, 36, 4, '2024-04-01', 39, 3500.00, 136500.00),
(1218, 36, 4, '2024-07-01', 56, 3500.00, 196000.00),
(1219, 36, 4, '2024-10-01', 56, 3500.00, 196000.00),
(1220, 36, 4, '2025-01-01', 34, 3500.00, 119000.00),
(1221, 36, 4, '2025-04-01', 57, 3500.00, 199500.00),
(1222, 36, 4, '2025-07-01', 69, 3500.00, 241500.00),
(1223, 36, 4, '2025-10-01', 44, 3500.00, 154000.00),
(1224, 42, 4, '2021-01-01', 65, 3500.00, 227500.00),
(1225, 42, 4, '2021-04-01', 58, 3500.00, 203000.00),
(1226, 42, 4, '2021-07-01', 62, 3500.00, 217000.00),
(1227, 42, 4, '2021-10-01', 62, 3500.00, 217000.00),
(1228, 42, 4, '2022-01-01', 44, 3500.00, 154000.00),
(1229, 42, 4, '2022-04-01', 46, 3500.00, 161000.00),
(1230, 42, 4, '2022-07-01', 49, 3500.00, 171500.00),
(1231, 42, 4, '2022-10-01', 43, 3500.00, 150500.00),
(1232, 42, 4, '2023-01-01', 63, 3500.00, 220500.00),
(1233, 42, 4, '2023-04-01', 66, 3500.00, 231000.00),
(1234, 42, 4, '2023-07-01', 58, 3500.00, 203000.00),
(1235, 42, 4, '2023-10-01', 48, 3500.00, 168000.00),
(1236, 42, 4, '2024-01-01', 63, 3500.00, 220500.00),
(1237, 42, 4, '2024-04-01', 39, 3500.00, 136500.00),
(1238, 42, 4, '2024-07-01', 49, 3500.00, 171500.00),
(1239, 42, 4, '2024-10-01', 46, 3500.00, 161000.00),
(1240, 42, 4, '2025-01-01', 38, 3500.00, 133000.00),
(1241, 42, 4, '2025-04-01', 34, 3500.00, 119000.00),
(1242, 42, 4, '2025-07-01', 41, 3500.00, 143500.00),
(1243, 42, 4, '2025-10-01', 56, 3500.00, 196000.00),
(1244, 45, 4, '2021-01-01', 57, 3500.00, 199500.00),
(1245, 45, 4, '2021-04-01', 48, 3500.00, 168000.00),
(1246, 45, 4, '2021-07-01', 39, 3500.00, 136500.00),
(1247, 45, 4, '2021-10-01', 62, 3500.00, 217000.00),
(1248, 45, 4, '2022-01-01', 44, 3500.00, 154000.00),
(1249, 45, 4, '2022-04-01', 40, 3500.00, 140000.00),
(1250, 45, 4, '2022-07-01', 60, 3500.00, 210000.00),
(1251, 45, 4, '2022-10-01', 49, 3500.00, 171500.00),
(1252, 45, 4, '2023-01-01', 54, 3500.00, 189000.00),
(1253, 45, 4, '2023-04-01', 48, 3500.00, 168000.00),
(1254, 45, 4, '2023-07-01', 65, 3500.00, 227500.00),
(1255, 45, 4, '2023-10-01', 39, 3500.00, 136500.00),
(1256, 45, 4, '2024-01-01', 55, 3500.00, 192500.00),
(1257, 45, 4, '2024-04-01', 45, 3500.00, 157500.00),
(1258, 45, 4, '2024-07-01', 63, 3500.00, 220500.00),
(1259, 45, 4, '2024-10-01', 56, 3500.00, 196000.00),
(1260, 45, 4, '2025-01-01', 66, 3500.00, 231000.00),
(1261, 45, 4, '2025-04-01', 58, 3500.00, 203000.00),
(1262, 45, 4, '2025-07-01', 33, 3500.00, 115500.00),
(1263, 45, 4, '2025-10-01', 67, 3500.00, 234500.00),
(1264, 51, 4, '2021-01-01', 45, 3500.00, 157500.00),
(1265, 51, 4, '2021-04-01', 47, 3500.00, 164500.00),
(1266, 51, 4, '2021-07-01', 45, 3500.00, 157500.00),
(1267, 51, 4, '2021-10-01', 55, 3500.00, 192500.00),
(1268, 51, 4, '2022-01-01', 63, 3500.00, 220500.00),
(1269, 51, 4, '2022-04-01', 44, 3500.00, 154000.00),
(1270, 51, 4, '2022-07-01', 31, 3500.00, 108500.00),
(1271, 51, 4, '2022-10-01', 31, 3500.00, 108500.00),
(1272, 51, 4, '2023-01-01', 45, 3500.00, 157500.00),
(1273, 51, 4, '2023-04-01', 34, 3500.00, 119000.00),
(1274, 51, 4, '2023-07-01', 58, 3500.00, 203000.00),
(1275, 51, 4, '2023-10-01', 48, 3500.00, 168000.00),
(1276, 51, 4, '2024-01-01', 43, 3500.00, 150500.00),
(1277, 51, 4, '2024-04-01', 35, 3500.00, 122500.00),
(1278, 51, 4, '2024-07-01', 39, 3500.00, 136500.00),
(1279, 51, 4, '2024-10-01', 31, 3500.00, 108500.00),
(1280, 51, 4, '2025-01-01', 39, 3500.00, 136500.00),
(1281, 51, 4, '2025-04-01', 51, 3500.00, 178500.00),
(1282, 51, 4, '2025-07-01', 59, 3500.00, 206500.00),
(1283, 51, 4, '2025-10-01', 30, 3500.00, 105000.00),
(1284, 38, 4, '2024-01-01', 46, 4100.00, 188600.00),
(1285, 38, 4, '2024-04-01', 38, 4100.00, 155800.00),
(1286, 38, 4, '2024-07-01', 26, 4100.00, 106600.00),
(1287, 38, 4, '2024-10-01', 20, 4100.00, 82000.00),
(1288, 38, 4, '2025-01-01', 34, 4100.00, 139400.00),
(1289, 38, 4, '2025-04-01', 24, 4100.00, 98400.00),
(1290, 38, 4, '2025-07-01', 35, 4100.00, 143500.00),
(1291, 38, 4, '2025-10-01', 31, 4100.00, 127100.00),
(1292, 39, 4, '2024-01-01', 30, 4100.00, 123000.00),
(1293, 39, 4, '2024-04-01', 50, 4100.00, 205000.00),
(1294, 39, 4, '2024-07-01', 21, 4100.00, 86100.00),
(1295, 39, 4, '2024-10-01', 47, 4100.00, 192700.00),
(1296, 39, 4, '2025-01-01', 30, 4100.00, 123000.00),
(1297, 39, 4, '2025-04-01', 41, 4100.00, 168100.00),
(1298, 39, 4, '2025-07-01', 46, 4100.00, 188600.00),
(1299, 39, 4, '2025-10-01', 43, 4100.00, 176300.00),
(1300, 41, 4, '2024-01-01', 26, 4100.00, 106600.00),
(1301, 41, 4, '2024-04-01', 32, 4100.00, 131200.00),
(1302, 41, 4, '2024-07-01', 38, 4100.00, 155800.00),
(1303, 41, 4, '2024-10-01', 20, 4100.00, 82000.00),
(1304, 41, 4, '2025-01-01', 30, 4100.00, 123000.00),
(1305, 41, 4, '2025-04-01', 30, 4100.00, 123000.00),
(1306, 41, 4, '2025-07-01', 23, 4100.00, 94300.00),
(1307, 41, 4, '2025-10-01', 44, 4100.00, 180400.00),
(1308, 52, 4, '2024-01-01', 26, 7200.00, 187200.00),
(1309, 52, 4, '2024-04-01', 33, 7200.00, 237600.00),
(1310, 52, 4, '2024-07-01', 38, 7200.00, 273600.00),
(1311, 52, 4, '2024-10-01', 36, 7200.00, 259200.00),
(1312, 52, 4, '2025-01-01', 29, 7200.00, 208800.00),
(1313, 52, 4, '2025-04-01', 20, 7200.00, 144000.00),
(1314, 52, 4, '2025-07-01', 23, 7200.00, 165600.00),
(1315, 52, 4, '2025-10-01', 36, 7200.00, 259200.00),
(1316, 53, 4, '2024-01-01', 25, 7900.00, 197500.00),
(1317, 53, 4, '2024-04-01', 28, 7900.00, 221200.00),
(1318, 53, 4, '2024-07-01', 27, 7900.00, 213300.00),
(1319, 53, 4, '2024-10-01', 20, 7900.00, 158000.00),
(1320, 53, 4, '2025-01-01', 35, 7900.00, 276500.00),
(1321, 53, 4, '2025-04-01', 38, 7900.00, 300200.00),
(1322, 53, 4, '2025-07-01', 20, 7900.00, 158000.00),
(1323, 53, 4, '2025-10-01', 35, 7900.00, 276500.00),
(1324, 54, 4, '2024-01-01', 16, 7200.00, 115200.00),
(1325, 54, 4, '2024-04-01', 15, 7200.00, 108000.00),
(1326, 54, 4, '2024-07-01', 34, 7200.00, 244800.00),
(1327, 54, 4, '2024-10-01', 21, 7200.00, 151200.00),
(1328, 54, 4, '2025-01-01', 35, 7200.00, 252000.00),
(1329, 54, 4, '2025-04-01', 29, 7200.00, 208800.00),
(1330, 54, 4, '2025-07-01', 36, 7200.00, 259200.00),
(1331, 54, 4, '2025-10-01', 39, 7200.00, 280800.00),
(1332, 4, 5, '2021-01-01', 65, 1500.00, 97500.00),
(1333, 4, 5, '2021-04-01', 82, 1500.00, 123000.00),
(1334, 4, 5, '2021-07-01', 74, 1500.00, 111000.00),
(1335, 4, 5, '2021-10-01', 88, 1500.00, 132000.00),
(1336, 4, 5, '2022-01-01', 61, 1500.00, 91500.00),
(1337, 4, 5, '2022-04-01', 79, 1500.00, 118500.00),
(1338, 4, 5, '2022-07-01', 85, 1500.00, 127500.00),
(1339, 4, 5, '2022-10-01', 63, 1500.00, 94500.00),
(1340, 4, 5, '2023-01-01', 70, 1500.00, 105000.00),
(1341, 4, 5, '2023-04-01', 86, 1500.00, 129000.00),
(1342, 4, 5, '2023-07-01', 67, 1500.00, 100500.00),
(1343, 4, 5, '2023-10-01', 75, 1500.00, 112500.00),
(1344, 4, 5, '2024-01-01', 89, 1500.00, 133500.00),
(1345, 4, 5, '2024-04-01', 62, 1500.00, 93000.00),
(1346, 4, 5, '2024-07-01', 80, 1500.00, 120000.00),
(1347, 4, 5, '2024-10-01', 72, 1500.00, 108000.00),
(1348, 4, 5, '2025-01-01', 66, 1500.00, 99000.00),
(1349, 4, 5, '2025-04-01', 84, 1500.00, 126000.00),
(1350, 4, 5, '2025-07-01', 77, 1500.00, 115500.00),
(1351, 4, 5, '2025-10-01', 64, 1500.00, 96000.00),
(1352, 6, 5, '2021-01-01', 73, 1850.00, 135050.00),
(1353, 6, 5, '2021-04-01', 85, 1850.00, 157250.00),
(1354, 6, 5, '2021-07-01', 69, 1850.00, 127650.00),
(1355, 6, 5, '2021-10-01', 78, 1850.00, 144300.00),
(1356, 6, 5, '2022-01-01', 81, 1850.00, 149850.00),
(1357, 6, 5, '2022-04-01', 66, 1850.00, 122100.00),
(1358, 6, 5, '2022-07-01', 90, 1850.00, 166500.00),
(1359, 6, 5, '2022-10-01', 64, 1850.00, 118400.00),
(1360, 6, 5, '2023-01-01', 76, 1850.00, 140600.00),
(1361, 6, 5, '2023-04-01', 88, 1850.00, 162800.00),
(1362, 6, 5, '2023-07-01', 71, 1850.00, 131350.00),
(1363, 6, 5, '2023-10-01', 62, 1850.00, 114700.00),
(1364, 6, 5, '2024-01-01', 83, 1850.00, 153550.00),
(1365, 6, 5, '2024-04-01', 68, 1850.00, 125800.00),
(1366, 6, 5, '2024-07-01', 79, 1850.00, 146150.00),
(1367, 6, 5, '2024-10-01', 74, 1850.00, 136900.00),
(1368, 6, 5, '2025-01-01', 60, 1850.00, 111000.00),
(1369, 6, 5, '2025-04-01', 87, 1850.00, 160950.00),
(1370, 6, 5, '2025-07-01', 82, 1850.00, 151700.00),
(1371, 6, 5, '2025-10-01', 65, 1850.00, 120250.00),
(1372, 12, 5, '2021-01-01', 89, 1850.00, 164650.00),
(1373, 12, 5, '2021-04-01', 70, 1850.00, 129500.00),
(1374, 12, 5, '2021-07-01', 63, 1850.00, 116550.00),
(1375, 12, 5, '2021-10-01', 77, 1850.00, 142450.00),
(1376, 12, 5, '2022-01-01', 84, 1850.00, 155400.00),
(1377, 12, 5, '2022-04-01', 61, 1850.00, 112850.00),
(1378, 12, 5, '2022-07-01', 75, 1850.00, 138750.00),
(1379, 12, 5, '2022-10-01', 68, 1850.00, 125800.00),
(1380, 12, 5, '2023-01-01', 82, 1850.00, 151700.00),
(1381, 12, 5, '2023-04-01', 86, 1850.00, 159100.00),
(1382, 12, 5, '2023-07-01', 66, 1850.00, 122100.00),
(1383, 12, 5, '2023-10-01', 72, 1850.00, 133200.00),
(1384, 12, 5, '2024-01-01', 80, 1850.00, 148000.00),
(1385, 12, 5, '2024-04-01', 65, 1850.00, 120250.00),
(1386, 12, 5, '2024-07-01', 88, 1850.00, 162800.00),
(1387, 12, 5, '2024-10-01', 79, 1850.00, 146150.00),
(1388, 12, 5, '2025-01-01', 67, 1850.00, 123950.00),
(1389, 12, 5, '2025-04-01', 73, 1850.00, 135050.00),
(1390, 12, 5, '2025-07-01', 62, 1850.00, 114700.00),
(1391, 12, 5, '2025-10-01', 85, 1850.00, 157250.00),
(1392, 14, 5, '2021-01-01', 70, 1850.00, 129500.00),
(1393, 14, 5, '2021-04-01', 64, 1850.00, 118400.00),
(1394, 14, 5, '2021-07-01', 81, 1850.00, 149850.00),
(1395, 14, 5, '2021-10-01', 87, 1850.00, 160950.00),
(1396, 14, 5, '2022-01-01', 76, 1850.00, 140600.00),
(1397, 14, 5, '2022-04-01', 63, 1850.00, 116550.00),
(1398, 14, 5, '2022-07-01', 89, 1850.00, 164650.00),
(1399, 14, 5, '2022-10-01', 69, 1850.00, 127650.00),
(1400, 14, 5, '2023-01-01', 75, 1850.00, 138750.00),
(1401, 14, 5, '2023-04-01', 82, 1850.00, 151700.00),
(1402, 14, 5, '2023-07-01', 66, 1850.00, 122100.00),
(1403, 14, 5, '2023-10-01', 71, 1850.00, 131350.00),
(1404, 14, 5, '2024-01-01', 60, 1850.00, 111000.00),
(1405, 14, 5, '2024-04-01', 85, 1850.00, 157250.00),
(1406, 14, 5, '2024-07-01', 78, 1850.00, 144300.00),
(1407, 14, 5, '2024-10-01', 83, 1850.00, 153550.00),
(1408, 14, 5, '2025-01-01', 72, 1850.00, 133200.00),
(1409, 14, 5, '2025-04-01', 68, 1850.00, 125800.00),
(1410, 14, 5, '2025-07-01', 86, 1850.00, 159100.00),
(1411, 14, 5, '2025-10-01', 77, 1850.00, 142450.00),
(1412, 16, 5, '2021-01-01', 88, 1850.00, 162800.00),
(1413, 16, 5, '2021-04-01', 65, 1850.00, 120250.00),
(1414, 16, 5, '2021-07-01', 74, 1850.00, 136900.00),
(1415, 16, 5, '2021-10-01', 83, 1850.00, 153550.00),
(1416, 16, 5, '2022-01-01', 70, 1850.00, 129500.00),
(1417, 16, 5, '2022-04-01', 62, 1850.00, 114700.00),
(1418, 16, 5, '2022-07-01', 79, 1850.00, 146150.00),
(1419, 16, 5, '2022-10-01', 81, 1850.00, 149850.00),
(1420, 16, 5, '2023-01-01', 67, 1850.00, 123950.00),
(1421, 16, 5, '2023-04-01', 90, 1850.00, 166500.00),
(1422, 16, 5, '2023-07-01', 73, 1850.00, 135050.00),
(1423, 16, 5, '2023-10-01', 61, 1850.00, 112850.00),
(1424, 16, 5, '2024-01-01', 85, 1850.00, 157250.00),
(1425, 16, 5, '2024-04-01', 76, 1850.00, 140600.00),
(1426, 16, 5, '2024-07-01', 68, 1850.00, 125800.00),
(1427, 16, 5, '2024-10-01', 84, 1850.00, 155400.00),
(1428, 16, 5, '2025-01-01', 77, 1850.00, 142450.00),
(1429, 16, 5, '2025-04-01', 64, 1850.00, 118400.00),
(1430, 16, 5, '2025-07-01', 87, 1850.00, 160950.00),
(1431, 16, 5, '2025-10-01', 69, 1850.00, 127650.00),
(1432, 18, 5, '2021-01-01', 66, 1850.00, 122100.00),
(1433, 18, 5, '2021-04-01', 80, 1850.00, 148000.00),
(1434, 18, 5, '2021-07-01', 72, 1850.00, 133200.00),
(1435, 18, 5, '2021-10-01', 88, 1850.00, 162800.00),
(1436, 18, 5, '2022-01-01', 63, 1850.00, 116550.00),
(1437, 18, 5, '2022-04-01', 75, 1850.00, 138750.00),
(1438, 18, 5, '2022-07-01', 82, 1850.00, 151700.00),
(1439, 18, 5, '2022-10-01', 78, 1850.00, 144300.00),
(1440, 18, 5, '2023-01-01', 61, 1850.00, 112850.00),
(1441, 18, 5, '2023-04-01', 86, 1850.00, 159100.00),
(1442, 18, 5, '2023-07-01', 69, 1850.00, 127650.00),
(1443, 18, 5, '2023-10-01', 89, 1850.00, 164650.00),
(1444, 18, 5, '2024-01-01', 71, 1850.00, 131350.00),
(1445, 18, 5, '2024-04-01', 74, 1850.00, 136900.00),
(1446, 18, 5, '2024-07-01', 64, 1850.00, 118400.00),
(1447, 18, 5, '2024-10-01', 81, 1850.00, 149850.00),
(1448, 18, 5, '2025-01-01', 87, 1850.00, 160950.00),
(1449, 18, 5, '2025-04-01', 70, 1850.00, 129500.00),
(1450, 18, 5, '2025-07-01', 65, 1850.00, 120250.00),
(1451, 18, 5, '2025-10-01', 84, 1850.00, 155400.00),
(1452, 23, 5, '2021-01-01', 68, 2300.00, 156400.00),
(1453, 23, 5, '2021-04-01', 84, 2300.00, 193200.00),
(1454, 23, 5, '2021-07-01', 77, 2300.00, 177100.00),
(1455, 23, 5, '2021-10-01', 62, 2300.00, 142600.00),
(1456, 23, 5, '2022-01-01', 89, 2300.00, 204700.00),
(1457, 23, 5, '2022-04-01', 65, 2300.00, 149500.00),
(1458, 23, 5, '2022-07-01', 73, 2300.00, 167900.00),
(1459, 23, 5, '2022-10-01', 81, 2300.00, 186300.00),
(1460, 23, 5, '2023-01-01', 60, 2300.00, 138000.00),
(1461, 23, 5, '2023-04-01', 86, 2300.00, 197800.00),
(1462, 23, 5, '2023-07-01', 79, 2300.00, 181700.00),
(1463, 23, 5, '2023-10-01', 67, 2300.00, 154100.00),
(1464, 23, 5, '2024-01-01', 83, 2300.00, 190900.00),
(1465, 23, 5, '2024-04-01', 71, 2300.00, 163300.00),
(1466, 23, 5, '2024-07-01', 64, 2300.00, 147200.00),
(1467, 23, 5, '2024-10-01', 85, 2300.00, 195500.00),
(1468, 23, 5, '2025-01-01', 74, 2300.00, 170200.00),
(1469, 23, 5, '2025-04-01', 80, 2300.00, 184000.00),
(1470, 23, 5, '2025-07-01', 66, 2300.00, 151800.00),
(1471, 23, 5, '2025-10-01', 88, 2300.00, 202400.00),
(1472, 33, 5, '2021-01-01', 76, 2300.00, 174800.00),
(1473, 33, 5, '2021-04-01', 82, 2300.00, 188600.00),
(1474, 33, 5, '2021-07-01', 61, 2300.00, 140300.00),
(1475, 33, 5, '2021-10-01', 87, 2300.00, 200100.00),
(1476, 33, 5, '2022-01-01', 69, 2300.00, 158700.00),
(1477, 33, 5, '2022-04-01', 75, 2300.00, 172500.00),
(1478, 33, 5, '2022-07-01', 83, 2300.00, 190900.00),
(1479, 33, 5, '2022-10-01', 64, 2300.00, 147200.00),
(1480, 33, 5, '2023-01-01', 70, 2300.00, 161000.00),
(1481, 33, 5, '2023-04-01', 90, 2300.00, 207000.00),
(1482, 33, 5, '2023-07-01', 65, 2300.00, 149500.00),
(1483, 33, 5, '2023-10-01', 78, 2300.00, 179400.00),
(1484, 33, 5, '2024-01-01', 81, 2300.00, 186300.00),
(1485, 33, 5, '2024-04-01', 68, 2300.00, 156400.00),
(1486, 33, 5, '2024-07-01', 85, 2300.00, 195500.00),
(1487, 33, 5, '2024-10-01', 72, 2300.00, 165600.00),
(1488, 33, 5, '2025-01-01', 63, 2300.00, 144900.00),
(1489, 33, 5, '2025-04-01', 84, 2300.00, 193200.00),
(1490, 33, 5, '2025-07-01', 77, 2300.00, 177100.00),
(1491, 33, 5, '2025-10-01', 86, 2300.00, 197800.00),
(1492, 25, 5, '2021-01-01', 35, 4000.00, 140000.00),
(1493, 25, 5, '2021-04-01', 68, 4000.00, 272000.00),
(1494, 25, 5, '2021-07-01', 52, 4000.00, 208000.00),
(1495, 25, 5, '2021-10-01', 41, 4000.00, 164000.00),
(1496, 25, 5, '2022-01-01', 60, 4000.00, 240000.00),
(1497, 25, 5, '2022-04-01', 33, 4000.00, 132000.00),
(1498, 25, 5, '2022-07-01', 59, 4000.00, 236000.00),
(1499, 25, 5, '2022-10-01', 46, 4000.00, 184000.00),
(1500, 25, 5, '2023-01-01', 55, 4000.00, 220000.00),
(1501, 25, 5, '2023-04-01', 44, 4000.00, 176000.00),
(1502, 25, 5, '2023-07-01', 67, 4000.00, 268000.00),
(1503, 25, 5, '2023-10-01', 38, 4000.00, 152000.00),
(1504, 25, 5, '2024-01-01', 62, 4000.00, 248000.00),
(1505, 25, 5, '2024-04-01', 50, 4000.00, 200000.00),
(1506, 25, 5, '2024-07-01', 36, 4000.00, 144000.00),
(1507, 25, 5, '2024-10-01', 49, 4000.00, 196000.00),
(1508, 25, 5, '2025-01-01', 64, 4000.00, 256000.00),
(1509, 25, 5, '2025-04-01', 31, 4000.00, 124000.00),
(1510, 25, 5, '2025-07-01', 57, 4000.00, 228000.00),
(1511, 25, 5, '2025-10-01', 45, 4000.00, 180000.00),
(1512, 35, 5, '2021-01-01', 53, 4000.00, 212000.00),
(1513, 35, 5, '2021-04-01', 47, 4000.00, 188000.00),
(1514, 35, 5, '2021-07-01', 39, 4000.00, 156000.00),
(1515, 35, 5, '2021-10-01', 66, 4000.00, 264000.00),
(1516, 35, 5, '2022-01-01', 34, 4000.00, 136000.00),
(1517, 35, 5, '2022-04-01', 58, 4000.00, 232000.00),
(1518, 35, 5, '2022-07-01', 42, 4000.00, 168000.00),
(1519, 35, 5, '2022-10-01', 61, 4000.00, 244000.00),
(1520, 35, 5, '2023-01-01', 56, 4000.00, 224000.00),
(1521, 35, 5, '2023-04-01', 30, 4000.00, 120000.00),
(1522, 35, 5, '2023-07-01', 48, 4000.00, 192000.00),
(1523, 35, 5, '2023-10-01', 69, 4000.00, 276000.00),
(1524, 35, 5, '2024-01-01', 37, 4000.00, 148000.00),
(1525, 35, 5, '2024-04-01', 63, 4000.00, 252000.00),
(1526, 35, 5, '2024-07-01', 51, 4000.00, 204000.00),
(1527, 35, 5, '2024-10-01', 40, 4000.00, 160000.00),
(1528, 35, 5, '2025-01-01', 54, 4000.00, 216000.00),
(1529, 35, 5, '2025-04-01', 32, 4000.00, 128000.00),
(1530, 35, 5, '2025-07-01', 65, 4000.00, 260000.00),
(1531, 35, 5, '2025-10-01', 43, 4000.00, 172000.00),
(1532, 36, 5, '2021-01-01', 46, 3500.00, 161000.00),
(1533, 36, 5, '2021-04-01', 60, 3500.00, 210000.00),
(1534, 36, 5, '2021-07-01', 35, 3500.00, 122500.00),
(1535, 36, 5, '2021-10-01', 52, 3500.00, 182000.00),
(1536, 36, 5, '2022-01-01', 69, 3500.00, 241500.00),
(1537, 36, 5, '2022-04-01', 38, 3500.00, 133000.00),
(1538, 36, 5, '2022-07-01', 54, 3500.00, 189000.00),
(1539, 36, 5, '2022-10-01', 41, 3500.00, 143500.00),
(1540, 36, 5, '2023-01-01', 66, 3500.00, 231000.00),
(1541, 36, 5, '2023-04-01', 58, 3500.00, 203000.00),
(1542, 36, 5, '2023-07-01', 31, 3500.00, 108500.00),
(1543, 36, 5, '2023-10-01', 49, 3500.00, 171500.00),
(1544, 36, 5, '2024-01-01', 63, 3500.00, 220500.00),
(1545, 36, 5, '2024-04-01', 36, 3500.00, 126000.00),
(1546, 36, 5, '2024-07-01', 55, 3500.00, 192500.00),
(1547, 36, 5, '2024-10-01', 44, 3500.00, 154000.00),
(1548, 36, 5, '2025-01-01', 59, 3500.00, 206500.00),
(1549, 36, 5, '2025-04-01', 32, 3500.00, 112000.00),
(1550, 36, 5, '2025-07-01', 68, 3500.00, 238000.00),
(1551, 36, 5, '2025-10-01', 47, 3500.00, 164500.00),
(1552, 42, 5, '2021-01-01', 39, 3500.00, 136500.00),
(1553, 42, 5, '2021-04-01', 64, 3500.00, 224000.00),
(1554, 42, 5, '2021-07-01', 56, 3500.00, 196000.00),
(1555, 42, 5, '2021-10-01', 30, 3500.00, 105000.00),
(1556, 42, 5, '2022-01-01', 48, 3500.00, 168000.00),
(1557, 42, 5, '2022-04-01', 61, 3500.00, 213500.00),
(1558, 42, 5, '2022-07-01', 37, 3500.00, 129500.00),
(1559, 42, 5, '2022-10-01', 53, 3500.00, 185500.00),
(1560, 42, 5, '2023-01-01', 67, 3500.00, 234500.00),
(1561, 42, 5, '2023-04-01', 42, 3500.00, 147000.00),
(1562, 42, 5, '2023-07-01', 34, 3500.00, 119000.00),
(1563, 42, 5, '2023-10-01', 50, 3500.00, 175000.00),
(1564, 42, 5, '2024-01-01', 59, 3500.00, 206500.00),
(1565, 42, 5, '2024-04-01', 33, 3500.00, 115500.00),
(1566, 42, 5, '2024-07-01', 65, 3500.00, 227500.00),
(1567, 42, 5, '2024-10-01', 46, 3500.00, 161000.00),
(1568, 42, 5, '2025-01-01', 31, 3500.00, 108500.00),
(1569, 42, 5, '2025-04-01', 68, 3500.00, 238000.00),
(1570, 42, 5, '2025-07-01', 43, 3500.00, 150500.00),
(1571, 42, 5, '2025-10-01', 57, 3500.00, 199500.00),
(1572, 45, 5, '2021-01-01', 62, 3500.00, 217000.00),
(1573, 45, 5, '2021-04-01', 53, 3500.00, 185500.00),
(1574, 45, 5, '2021-07-01', 40, 3500.00, 140000.00),
(1575, 45, 5, '2021-10-01', 34, 3500.00, 119000.00),
(1576, 45, 5, '2022-01-01', 69, 3500.00, 241500.00),
(1577, 45, 5, '2022-04-01', 36, 3500.00, 126000.00),
(1578, 45, 5, '2022-07-01', 51, 3500.00, 178500.00),
(1579, 45, 5, '2022-10-01', 45, 3500.00, 157500.00),
(1580, 45, 5, '2023-01-01', 57, 3500.00, 199500.00),
(1581, 45, 5, '2023-04-01', 38, 3500.00, 133000.00),
(1582, 45, 5, '2023-07-01', 64, 3500.00, 224000.00),
(1583, 45, 5, '2023-10-01', 32, 3500.00, 112000.00),
(1584, 45, 5, '2024-01-01', 48, 3500.00, 168000.00),
(1585, 45, 5, '2024-04-01', 60, 3500.00, 210000.00),
(1586, 45, 5, '2024-07-01', 55, 3500.00, 192500.00),
(1587, 45, 5, '2024-10-01', 39, 3500.00, 136500.00),
(1588, 45, 5, '2025-01-01', 66, 3500.00, 231000.00),
(1589, 45, 5, '2025-04-01', 35, 3500.00, 122500.00),
(1590, 45, 5, '2025-07-01', 47, 3500.00, 164500.00),
(1591, 45, 5, '2025-10-01', 58, 3500.00, 203000.00),
(1592, 51, 5, '2021-01-01', 49, 3500.00, 171500.00),
(1593, 51, 5, '2021-04-01', 37, 3500.00, 129500.00),
(1594, 51, 5, '2021-07-01', 68, 3500.00, 238000.00),
(1595, 51, 5, '2021-10-01', 52, 3500.00, 182000.00),
(1596, 51, 5, '2022-01-01', 31, 3500.00, 108500.00),
(1597, 51, 5, '2022-04-01', 60, 3500.00, 210000.00),
(1598, 51, 5, '2022-07-01', 45, 3500.00, 157500.00),
(1599, 51, 5, '2022-10-01', 54, 3500.00, 189000.00),
(1600, 51, 5, '2023-01-01', 36, 3500.00, 126000.00),
(1601, 51, 5, '2023-04-01', 59, 3500.00, 206500.00),
(1602, 51, 5, '2023-07-01', 44, 3500.00, 154000.00),
(1603, 51, 5, '2023-10-01', 63, 3500.00, 220500.00),
(1604, 51, 5, '2024-01-01', 33, 3500.00, 115500.00),
(1605, 51, 5, '2024-04-01', 65, 3500.00, 227500.00),
(1606, 51, 5, '2024-07-01', 50, 3500.00, 175000.00),
(1607, 51, 5, '2024-10-01', 41, 3500.00, 143500.00),
(1608, 51, 5, '2025-01-01', 56, 3500.00, 196000.00),
(1609, 51, 5, '2025-04-01', 38, 3500.00, 133000.00),
(1610, 51, 5, '2025-07-01', 67, 3500.00, 234500.00),
(1611, 51, 5, '2025-10-01', 46, 3500.00, 161000.00),
(1612, 38, 5, '2024-01-01', 28, 4100.00, 114800.00),
(1613, 38, 5, '2024-04-01', 49, 4100.00, 200900.00),
(1614, 38, 5, '2024-07-01', 33, 4100.00, 135300.00),
(1615, 38, 5, '2024-10-01', 42, 4100.00, 172200.00),
(1616, 38, 5, '2025-01-01', 22, 4100.00, 90200.00),
(1617, 38, 5, '2025-04-01', 45, 4100.00, 184500.00),
(1618, 38, 5, '2025-07-01', 37, 4100.00, 151700.00),
(1619, 38, 5, '2025-10-01', 25, 4100.00, 102500.00),
(1620, 39, 5, '2024-01-01', 47, 4100.00, 192700.00),
(1621, 39, 5, '2024-04-01', 30, 4100.00, 123000.00),
(1622, 39, 5, '2024-07-01', 36, 4100.00, 147600.00),
(1623, 39, 5, '2024-10-01', 24, 4100.00, 98400.00),
(1624, 39, 5, '2025-01-01', 41, 4100.00, 168100.00),
(1625, 39, 5, '2025-04-01', 50, 4100.00, 205000.00),
(1626, 39, 5, '2025-07-01', 29, 4100.00, 118900.00),
(1627, 39, 5, '2025-10-01', 38, 4100.00, 155800.00),
(1628, 41, 5, '2024-01-01', 35, 4100.00, 143500.00),
(1629, 41, 5, '2024-04-01', 46, 4100.00, 188600.00),
(1630, 41, 5, '2024-07-01', 23, 4100.00, 94300.00),
(1631, 41, 5, '2024-10-01', 40, 4100.00, 164000.00),
(1632, 41, 5, '2025-01-01', 48, 4100.00, 196800.00),
(1633, 41, 5, '2025-04-01', 27, 4100.00, 110700.00),
(1634, 41, 5, '2025-07-01', 34, 4100.00, 139400.00),
(1635, 41, 5, '2025-10-01', 31, 4100.00, 127100.00),
(1636, 52, 5, '2024-01-01', 37, 7200.00, 266400.00),
(1637, 52, 5, '2024-04-01', 22, 7200.00, 158400.00),
(1638, 52, 5, '2024-07-01', 19, 7200.00, 136800.00),
(1639, 52, 5, '2024-10-01', 40, 7200.00, 288000.00),
(1640, 52, 5, '2025-01-01', 31, 7200.00, 223200.00),
(1641, 52, 5, '2025-04-01', 16, 7200.00, 115200.00),
(1642, 52, 5, '2025-07-01', 28, 7200.00, 201600.00),
(1643, 52, 5, '2025-10-01', 35, 7200.00, 252000.00),
(1644, 53, 5, '2024-01-01', 29, 7900.00, 229100.00),
(1645, 53, 5, '2024-04-01', 36, 7900.00, 284400.00),
(1646, 53, 5, '2024-07-01', 18, 7900.00, 142200.00),
(1647, 53, 5, '2024-10-01', 33, 7900.00, 260700.00),
(1648, 53, 5, '2025-01-01', 24, 7900.00, 189600.00),
(1649, 53, 5, '2025-04-01', 39, 7900.00, 308100.00),
(1650, 53, 5, '2025-07-01', 16, 7900.00, 126400.00),
(1651, 53, 5, '2025-10-01', 30, 7900.00, 237000.00),
(1652, 54, 5, '2024-01-01', 34, 7200.00, 244800.00),
(1653, 54, 5, '2024-04-01', 21, 7200.00, 151200.00),
(1654, 54, 5, '2024-07-01', 17, 7200.00, 122400.00),
(1655, 54, 5, '2024-10-01', 38, 7200.00, 273600.00),
(1656, 54, 5, '2025-01-01', 25, 7200.00, 180000.00),
(1657, 54, 5, '2025-04-01', 32, 7200.00, 230400.00),
(1658, 54, 5, '2025-07-01', 19, 7200.00, 136800.00),
(1659, 54, 5, '2025-10-01', 30, 7200.00, 216000.00),
(1660, 4, 6, '2021-01-01', 75, 1500.00, 112500.00),
(1661, 4, 6, '2021-04-01', 62, 1500.00, 93000.00),
(1662, 4, 6, '2021-07-01', 88, 1500.00, 132000.00),
(1663, 4, 6, '2021-10-01', 65, 1500.00, 97500.00),
(1664, 4, 6, '2022-01-01', 90, 1500.00, 135000.00),
(1665, 4, 6, '2022-04-01', 70, 1500.00, 105000.00),
(1666, 4, 6, '2022-07-01', 81, 1500.00, 121500.00),
(1667, 4, 6, '2022-10-01', 60, 1500.00, 90000.00),
(1668, 4, 6, '2023-01-01', 72, 1500.00, 108000.00),
(1669, 4, 6, '2023-04-01', 85, 1500.00, 127500.00),
(1670, 4, 6, '2023-07-01', 68, 1500.00, 102000.00),
(1671, 4, 6, '2023-10-01', 79, 1500.00, 118500.00),
(1672, 4, 6, '2024-01-01', 63, 1500.00, 94500.00),
(1673, 4, 6, '2024-04-01', 89, 1500.00, 133500.00),
(1674, 4, 6, '2024-07-01', 74, 1500.00, 111000.00),
(1675, 4, 6, '2024-10-01', 66, 1500.00, 99000.00),
(1676, 4, 6, '2025-01-01', 80, 1500.00, 120000.00),
(1677, 4, 6, '2025-04-01', 61, 1500.00, 91500.00),
(1678, 4, 6, '2025-07-01', 86, 1500.00, 129000.00),
(1679, 4, 6, '2025-10-01', 77, 1500.00, 115500.00),
(1680, 6, 6, '2021-01-01', 70, 1850.00, 129500.00),
(1681, 6, 6, '2021-04-01', 85, 1850.00, 157250.00),
(1682, 6, 6, '2021-07-01', 62, 1850.00, 114700.00),
(1683, 6, 6, '2021-10-01', 90, 1850.00, 166500.00),
(1684, 6, 6, '2022-01-01', 65, 1850.00, 120250.00),
(1685, 6, 6, '2022-04-01', 78, 1850.00, 144300.00),
(1686, 6, 6, '2022-07-01', 82, 1850.00, 151700.00),
(1687, 6, 6, '2022-10-01', 60, 1850.00, 111000.00),
(1688, 6, 6, '2023-01-01', 88, 1850.00, 162800.00),
(1689, 6, 6, '2023-04-01', 75, 1850.00, 138750.00),
(1690, 6, 6, '2023-07-01', 63, 1850.00, 116550.00),
(1691, 6, 6, '2023-10-01', 71, 1850.00, 131350.00),
(1692, 6, 6, '2024-01-01', 84, 1850.00, 155400.00),
(1693, 6, 6, '2024-04-01', 69, 1850.00, 127650.00),
(1694, 6, 6, '2024-07-01', 77, 1850.00, 142450.00),
(1695, 6, 6, '2024-10-01', 80, 1850.00, 148000.00),
(1696, 6, 6, '2025-01-01', 61, 1850.00, 112850.00),
(1697, 6, 6, '2025-04-01', 89, 1850.00, 164650.00),
(1698, 6, 6, '2025-07-01', 66, 1850.00, 122100.00),
(1699, 6, 6, '2025-10-01', 73, 1850.00, 135050.00),
(1700, 12, 6, '2021-01-01', 65, 1850.00, 120250.00),
(1701, 12, 6, '2021-04-01', 80, 1850.00, 148000.00),
(1702, 12, 6, '2021-07-01', 72, 1850.00, 133200.00),
(1703, 12, 6, '2021-10-01', 88, 1850.00, 162800.00),
(1704, 12, 6, '2022-01-01', 62, 1850.00, 114700.00),
(1705, 12, 6, '2022-04-01', 75, 1850.00, 138750.00),
(1706, 12, 6, '2022-07-01', 85, 1850.00, 157250.00),
(1707, 12, 6, '2022-10-01', 69, 1850.00, 127650.00),
(1708, 12, 6, '2023-01-01', 90, 1850.00, 166500.00),
(1709, 12, 6, '2023-04-01', 64, 1850.00, 118400.00),
(1710, 12, 6, '2023-07-01', 78, 1850.00, 144300.00),
(1711, 12, 6, '2023-10-01', 81, 1850.00, 149850.00),
(1712, 12, 6, '2024-01-01', 70, 1850.00, 129500.00),
(1713, 12, 6, '2024-04-01', 86, 1850.00, 159100.00),
(1714, 12, 6, '2024-07-01', 66, 1850.00, 122100.00),
(1715, 12, 6, '2024-10-01', 74, 1850.00, 136900.00),
(1716, 12, 6, '2025-01-01', 82, 1850.00, 151700.00),
(1717, 12, 6, '2025-04-01', 60, 1850.00, 111000.00),
(1718, 12, 6, '2025-07-01', 89, 1850.00, 164650.00),
(1719, 12, 6, '2025-10-01', 77, 1850.00, 142450.00),
(1720, 14, 6, '2021-01-01', 73, 1850.00, 135050.00),
(1721, 14, 6, '2021-04-01', 61, 1850.00, 112850.00),
(1722, 14, 6, '2021-07-01', 84, 1850.00, 155400.00),
(1723, 14, 6, '2021-10-01', 67, 1850.00, 123950.00),
(1724, 14, 6, '2022-01-01', 80, 1850.00, 148000.00),
(1725, 14, 6, '2022-04-01', 76, 1850.00, 140600.00),
(1726, 14, 6, '2022-07-01', 88, 1850.00, 162800.00),
(1727, 14, 6, '2022-10-01', 63, 1850.00, 116550.00),
(1728, 14, 6, '2023-01-01', 85, 1850.00, 157250.00),
(1729, 14, 6, '2023-04-01', 71, 1850.00, 131350.00),
(1730, 14, 6, '2023-07-01', 65, 1850.00, 120250.00),
(1731, 14, 6, '2023-10-01', 90, 1850.00, 166500.00),
(1732, 14, 6, '2024-01-01', 68, 1850.00, 125800.00),
(1733, 14, 6, '2024-04-01', 79, 1850.00, 146150.00),
(1734, 14, 6, '2024-07-01', 82, 1850.00, 151700.00),
(1735, 14, 6, '2024-10-01', 62, 1850.00, 114700.00),
(1736, 14, 6, '2025-01-01', 75, 1850.00, 138750.00),
(1737, 14, 6, '2025-04-01', 87, 1850.00, 160950.00),
(1738, 14, 6, '2025-07-01', 69, 1850.00, 127650.00),
(1739, 14, 6, '2025-10-01', 83, 1850.00, 153550.00),
(1740, 16, 6, '2021-01-01', 66, 1850.00, 122100.00),
(1741, 16, 6, '2021-04-01', 81, 1850.00, 149850.00),
(1742, 16, 6, '2021-07-01', 73, 1850.00, 135050.00),
(1743, 16, 6, '2021-10-01', 88, 1850.00, 162800.00),
(1744, 16, 6, '2022-01-01', 62, 1850.00, 114700.00),
(1745, 16, 6, '2022-04-01', 79, 1850.00, 146150.00),
(1746, 16, 6, '2022-07-01', 84, 1850.00, 155400.00),
(1747, 16, 6, '2022-10-01', 67, 1850.00, 123950.00),
(1748, 16, 6, '2023-01-01', 90, 1850.00, 166500.00),
(1749, 16, 6, '2023-04-01', 65, 1850.00, 120250.00),
(1750, 16, 6, '2023-07-01', 76, 1850.00, 140600.00),
(1751, 16, 6, '2023-10-01', 82, 1850.00, 151700.00),
(1752, 16, 6, '2024-01-01', 70, 1850.00, 129500.00),
(1753, 16, 6, '2024-04-01', 85, 1850.00, 157250.00),
(1754, 16, 6, '2024-07-01', 63, 1850.00, 116550.00),
(1755, 16, 6, '2024-10-01', 78, 1850.00, 144300.00),
(1756, 16, 6, '2025-01-01', 89, 1850.00, 164650.00),
(1757, 16, 6, '2025-04-01', 61, 1850.00, 112850.00),
(1758, 16, 6, '2025-07-01', 75, 1850.00, 138750.00),
(1759, 16, 6, '2025-10-01', 87, 1850.00, 160950.00),
(1760, 18, 6, '2021-01-01', 65, 1850.00, 120250.00),
(1761, 18, 6, '2021-04-01', 82, 1850.00, 151700.00),
(1762, 18, 6, '2021-07-01', 74, 1850.00, 136900.00),
(1763, 18, 6, '2021-10-01', 88, 1850.00, 162800.00),
(1764, 18, 6, '2022-01-01', 61, 1850.00, 112850.00),
(1765, 18, 6, '2022-04-01', 79, 1850.00, 146150.00),
(1766, 18, 6, '2022-07-01', 68, 1850.00, 125800.00),
(1767, 18, 6, '2022-10-01', 85, 1850.00, 157250.00),
(1768, 18, 6, '2023-01-01', 77, 1850.00, 142450.00),
(1769, 18, 6, '2023-04-01', 63, 1850.00, 116550.00),
(1770, 18, 6, '2023-07-01', 90, 1850.00, 166500.00),
(1771, 18, 6, '2023-10-01', 70, 1850.00, 129500.00),
(1772, 18, 6, '2024-01-01', 81, 1850.00, 149850.00),
(1773, 18, 6, '2024-04-01', 66, 1850.00, 122100.00),
(1774, 18, 6, '2024-07-01', 75, 1850.00, 138750.00),
(1775, 18, 6, '2024-10-01', 89, 1850.00, 164650.00),
(1776, 18, 6, '2025-01-01', 60, 1850.00, 111000.00),
(1777, 18, 6, '2025-04-01', 83, 1850.00, 153550.00),
(1778, 18, 6, '2025-07-01', 72, 1850.00, 133200.00),
(1779, 18, 6, '2025-10-01', 86, 1850.00, 159100.00),
(1780, 23, 6, '2021-01-01', 72, 2300.00, 165600.00),
(1781, 23, 6, '2021-04-01', 85, 2300.00, 195500.00),
(1782, 23, 6, '2021-07-01', 64, 2300.00, 147200.00),
(1783, 23, 6, '2021-10-01', 89, 2300.00, 204700.00),
(1784, 23, 6, '2022-01-01', 68, 2300.00, 156400.00),
(1785, 23, 6, '2022-04-01', 77, 2300.00, 177100.00),
(1786, 23, 6, '2022-07-01', 82, 2300.00, 188600.00),
(1787, 23, 6, '2022-10-01', 60, 2300.00, 138000.00),
(1788, 23, 6, '2023-01-01', 90, 2300.00, 207000.00),
(1789, 23, 6, '2023-04-01', 66, 2300.00, 151800.00),
(1790, 23, 6, '2023-07-01', 75, 2300.00, 172500.00),
(1791, 23, 6, '2023-10-01', 83, 2300.00, 190900.00),
(1792, 23, 6, '2024-01-01', 71, 2300.00, 163300.00),
(1793, 23, 6, '2024-04-01', 80, 2300.00, 184000.00),
(1794, 23, 6, '2024-07-01', 63, 2300.00, 144900.00),
(1795, 23, 6, '2024-10-01', 76, 2300.00, 174800.00),
(1796, 23, 6, '2025-01-01', 84, 2300.00, 193200.00),
(1797, 23, 6, '2025-04-01', 69, 2300.00, 158700.00),
(1798, 23, 6, '2025-07-01', 87, 2300.00, 200100.00),
(1799, 23, 6, '2025-10-01', 73, 2300.00, 167900.00),
(1800, 33, 6, '2021-01-01', 65, 2300.00, 149500.00),
(1801, 33, 6, '2021-04-01', 81, 2300.00, 186300.00),
(1802, 33, 6, '2021-07-01', 78, 2300.00, 179400.00),
(1803, 33, 6, '2021-10-01', 62, 2300.00, 142600.00),
(1804, 33, 6, '2022-01-01', 86, 2300.00, 197800.00),
(1805, 33, 6, '2022-04-01', 70, 2300.00, 161000.00),
(1806, 33, 6, '2022-07-01', 88, 2300.00, 202400.00),
(1807, 33, 6, '2022-10-01', 74, 2300.00, 170200.00),
(1808, 33, 6, '2023-01-01', 61, 2300.00, 140300.00),
(1809, 33, 6, '2023-04-01', 79, 2300.00, 181700.00),
(1810, 33, 6, '2023-07-01', 85, 2300.00, 195500.00),
(1811, 33, 6, '2023-10-01', 67, 2300.00, 154100.00),
(1812, 33, 6, '2024-01-01', 82, 2300.00, 188600.00),
(1813, 33, 6, '2024-04-01', 73, 2300.00, 167900.00),
(1814, 33, 6, '2024-07-01', 64, 2300.00, 147200.00),
(1815, 33, 6, '2024-10-01', 89, 2300.00, 204700.00),
(1816, 33, 6, '2025-01-01', 76, 2300.00, 174800.00),
(1817, 33, 6, '2025-04-01', 68, 2300.00, 156400.00),
(1818, 33, 6, '2025-07-01', 80, 2300.00, 184000.00),
(1819, 33, 6, '2025-10-01', 71, 2300.00, 163300.00),
(1820, 25, 6, '2021-01-01', 40, 4000.00, 160000.00),
(1821, 25, 6, '2021-04-01', 65, 4000.00, 260000.00),
(1822, 25, 6, '2021-07-01', 33, 4000.00, 132000.00),
(1823, 25, 6, '2021-10-01', 58, 4000.00, 232000.00),
(1824, 25, 6, '2022-01-01', 45, 4000.00, 180000.00),
(1825, 25, 6, '2022-04-01', 70, 4000.00, 280000.00),
(1826, 25, 6, '2022-07-01', 36, 4000.00, 144000.00),
(1827, 25, 6, '2022-10-01', 62, 4000.00, 248000.00),
(1828, 25, 6, '2023-01-01', 40, 4000.00, 160000.00),
(1829, 25, 6, '2023-04-01', 65, 4000.00, 260000.00),
(1830, 25, 6, '2023-07-01', 33, 4000.00, 132000.00),
(1831, 25, 6, '2023-10-01', 58, 4000.00, 232000.00),
(1832, 25, 6, '2024-01-01', 45, 4000.00, 180000.00),
(1833, 25, 6, '2024-04-01', 70, 4000.00, 280000.00),
(1834, 25, 6, '2024-07-01', 36, 4000.00, 144000.00),
(1835, 25, 6, '2024-10-01', 62, 4000.00, 248000.00),
(1836, 25, 6, '2025-01-01', 40, 4000.00, 160000.00),
(1837, 25, 6, '2025-04-01', 65, 4000.00, 260000.00),
(1838, 25, 6, '2025-07-01', 33, 4000.00, 132000.00),
(1839, 25, 6, '2025-10-01', 58, 4000.00, 232000.00),
(1840, 35, 6, '2021-01-01', 50, 4000.00, 200000.00),
(1841, 35, 6, '2021-04-01', 38, 4000.00, 152000.00),
(1842, 35, 6, '2021-07-01', 67, 4000.00, 268000.00),
(1843, 35, 6, '2021-10-01', 42, 4000.00, 168000.00),
(1844, 35, 6, '2022-01-01', 55, 4000.00, 220000.00),
(1845, 35, 6, '2022-04-01', 31, 4000.00, 124000.00),
(1846, 35, 6, '2022-07-01', 60, 4000.00, 240000.00),
(1847, 35, 6, '2022-10-01', 48, 4000.00, 192000.00),
(1848, 35, 6, '2023-01-01', 50, 4000.00, 200000.00),
(1849, 35, 6, '2023-04-01', 38, 4000.00, 152000.00),
(1850, 35, 6, '2023-07-01', 67, 4000.00, 268000.00),
(1851, 35, 6, '2023-10-01', 42, 4000.00, 168000.00),
(1852, 35, 6, '2024-01-01', 55, 4000.00, 220000.00),
(1853, 35, 6, '2024-04-01', 31, 4000.00, 124000.00),
(1854, 35, 6, '2024-07-01', 60, 4000.00, 240000.00),
(1855, 35, 6, '2024-10-01', 48, 4000.00, 192000.00),
(1856, 35, 6, '2025-01-01', 50, 4000.00, 200000.00),
(1857, 35, 6, '2025-04-01', 38, 4000.00, 152000.00),
(1858, 35, 6, '2025-07-01', 67, 4000.00, 268000.00),
(1859, 35, 6, '2025-10-01', 42, 4000.00, 168000.00),
(1860, 36, 6, '2021-01-01', 35, 3500.00, 122500.00),
(1861, 36, 6, '2021-04-01', 52, 3500.00, 182000.00),
(1862, 36, 6, '2021-07-01', 68, 3500.00, 238000.00),
(1863, 36, 6, '2021-10-01', 41, 3500.00, 143500.00),
(1864, 36, 6, '2022-01-01', 55, 3500.00, 192500.00),
(1865, 36, 6, '2022-04-01', 32, 3500.00, 112000.00),
(1866, 36, 6, '2022-07-01', 60, 3500.00, 210000.00),
(1867, 36, 6, '2022-10-01', 48, 3500.00, 168000.00),
(1868, 36, 6, '2023-01-01', 65, 3500.00, 227500.00),
(1869, 36, 6, '2023-04-01', 38, 3500.00, 133000.00),
(1870, 36, 6, '2023-07-01', 59, 3500.00, 206500.00),
(1871, 36, 6, '2023-10-01', 44, 3500.00, 154000.00),
(1872, 36, 6, '2024-01-01', 70, 3500.00, 245000.00),
(1873, 36, 6, '2024-04-01', 34, 3500.00, 119000.00),
(1874, 36, 6, '2024-07-01', 50, 3500.00, 175000.00),
(1875, 36, 6, '2024-10-01', 63, 3500.00, 220500.00),
(1876, 36, 6, '2025-01-01', 40, 3500.00, 140000.00),
(1877, 36, 6, '2025-04-01', 66, 3500.00, 231000.00),
(1878, 36, 6, '2025-07-01', 30, 3500.00, 105000.00),
(1879, 36, 6, '2025-10-01', 57, 3500.00, 199500.00),
(1880, 42, 6, '2021-01-01', 45, 3500.00, 157500.00),
(1881, 42, 6, '2021-04-01', 62, 3500.00, 217000.00),
(1882, 42, 6, '2021-07-01', 34, 3500.00, 119000.00),
(1883, 42, 6, '2021-10-01', 58, 3500.00, 203000.00),
(1884, 42, 6, '2022-01-01', 69, 3500.00, 241500.00),
(1885, 42, 6, '2022-04-01', 31, 3500.00, 108500.00),
(1886, 42, 6, '2022-07-01', 50, 3500.00, 175000.00),
(1887, 42, 6, '2022-10-01', 66, 3500.00, 231000.00),
(1888, 42, 6, '2023-01-01', 55, 3500.00, 192500.00),
(1889, 42, 6, '2023-04-01', 40, 3500.00, 140000.00),
(1890, 42, 6, '2023-07-01', 68, 3500.00, 238000.00),
(1891, 42, 6, '2023-10-01', 36, 3500.00, 126000.00),
(1892, 42, 6, '2024-01-01', 63, 3500.00, 220500.00),
(1893, 42, 6, '2024-04-01', 48, 3500.00, 168000.00),
(1894, 42, 6, '2024-07-01', 33, 3500.00, 115500.00),
(1895, 42, 6, '2024-10-01', 59, 3500.00, 206500.00),
(1896, 42, 6, '2025-01-01', 38, 3500.00, 133000.00),
(1897, 42, 6, '2025-04-01', 65, 3500.00, 227500.00),
(1898, 42, 6, '2025-07-01', 42, 3500.00, 147000.00),
(1899, 42, 6, '2025-10-01', 60, 3500.00, 210000.00),
(1900, 45, 6, '2021-01-01', 52, 3500.00, 182000.00),
(1901, 45, 6, '2021-04-01', 70, 3500.00, 245000.00),
(1902, 45, 6, '2021-07-01', 35, 3500.00, 122500.00),
(1903, 45, 6, '2021-10-01', 56, 3500.00, 196000.00),
(1904, 45, 6, '2022-01-01', 40, 3500.00, 140000.00),
(1905, 45, 6, '2022-04-01', 65, 3500.00, 227500.00),
(1906, 45, 6, '2022-07-01', 42, 3500.00, 147000.00),
(1907, 45, 6, '2022-10-01', 60, 3500.00, 210000.00),
(1908, 45, 6, '2023-01-01', 52, 3500.00, 182000.00),
(1909, 45, 6, '2023-04-01', 70, 3500.00, 245000.00),
(1910, 45, 6, '2023-07-01', 35, 3500.00, 122500.00),
(1911, 45, 6, '2023-10-01', 56, 3500.00, 196000.00),
(1912, 45, 6, '2024-01-01', 45, 3500.00, 157500.00),
(1913, 45, 6, '2024-04-01', 62, 3500.00, 217000.00),
(1914, 45, 6, '2024-07-01', 34, 3500.00, 119000.00),
(1915, 45, 6, '2024-10-01', 58, 3500.00, 203000.00),
(1916, 45, 6, '2025-01-01', 69, 3500.00, 241500.00),
(1917, 45, 6, '2025-04-01', 31, 3500.00, 108500.00),
(1918, 45, 6, '2025-07-01', 50, 3500.00, 175000.00),
(1919, 45, 6, '2025-10-01', 66, 3500.00, 231000.00),
(1920, 51, 6, '2021-01-01', 38, 3500.00, 133000.00),
(1921, 51, 6, '2021-04-01', 65, 3500.00, 227500.00),
(1922, 51, 6, '2021-07-01', 42, 3500.00, 147000.00),
(1923, 51, 6, '2021-10-01', 60, 3500.00, 210000.00),
(1924, 51, 6, '2022-01-01', 52, 3500.00, 182000.00),
(1925, 51, 6, '2022-04-01', 70, 3500.00, 245000.00),
(1926, 51, 6, '2022-07-01', 35, 3500.00, 122500.00),
(1927, 51, 6, '2022-10-01', 56, 3500.00, 196000.00),
(1928, 51, 6, '2023-01-01', 38, 3500.00, 133000.00),
(1929, 51, 6, '2023-04-01', 65, 3500.00, 227500.00),
(1930, 51, 6, '2023-07-01', 42, 3500.00, 147000.00),
(1931, 51, 6, '2023-10-01', 60, 3500.00, 210000.00),
(1932, 51, 6, '2024-01-01', 52, 3500.00, 182000.00),
(1933, 51, 6, '2024-04-01', 70, 3500.00, 245000.00),
(1934, 51, 6, '2024-07-01', 35, 3500.00, 122500.00),
(1935, 51, 6, '2024-10-01', 56, 3500.00, 196000.00),
(1936, 51, 6, '2025-01-01', 38, 3500.00, 133000.00),
(1937, 51, 6, '2025-04-01', 65, 3500.00, 227500.00),
(1938, 51, 6, '2025-07-01', 42, 3500.00, 147000.00),
(1939, 51, 6, '2025-10-01', 60, 3500.00, 210000.00),
(1940, 38, 6, '2024-01-01', 25, 4100.00, 102500.00),
(1941, 38, 6, '2024-04-01', 42, 4100.00, 172200.00),
(1942, 38, 6, '2024-07-01', 30, 4100.00, 123000.00),
(1943, 38, 6, '2024-10-01', 48, 4100.00, 196800.00),
(1944, 38, 6, '2025-01-01', 21, 4100.00, 86100.00),
(1945, 38, 6, '2025-04-01', 39, 4100.00, 159900.00),
(1946, 38, 6, '2025-07-01', 45, 4100.00, 184500.00),
(1947, 38, 6, '2025-10-01', 33, 4100.00, 135300.00),
(1948, 39, 6, '2024-01-01', 40, 4100.00, 164000.00),
(1949, 39, 6, '2024-04-01', 28, 4100.00, 114800.00),
(1950, 39, 6, '2024-07-01', 50, 4100.00, 205000.00),
(1951, 39, 6, '2024-10-01', 35, 4100.00, 143500.00),
(1952, 39, 6, '2025-01-01', 44, 4100.00, 180400.00),
(1953, 39, 6, '2025-04-01', 23, 4100.00, 94300.00),
(1954, 39, 6, '2025-07-01', 47, 4100.00, 192700.00),
(1955, 39, 6, '2025-10-01', 32, 4100.00, 131200.00),
(1956, 41, 6, '2024-01-01', 26, 4100.00, 106600.00),
(1957, 41, 6, '2024-04-01', 49, 4100.00, 200900.00),
(1958, 41, 6, '2024-07-01', 37, 4100.00, 151700.00),
(1959, 41, 6, '2024-10-01', 20, 4100.00, 82000.00),
(1960, 41, 6, '2025-01-01', 41, 4100.00, 168100.00),
(1961, 41, 6, '2025-04-01', 46, 4100.00, 188600.00),
(1962, 41, 6, '2025-07-01', 29, 4100.00, 118900.00),
(1963, 41, 6, '2025-10-01', 38, 4100.00, 155800.00),
(1964, 52, 6, '2024-01-01', 20, 7200.00, 144000.00),
(1965, 52, 6, '2024-04-01', 35, 7200.00, 252000.00),
(1966, 52, 6, '2024-07-01', 18, 7200.00, 129600.00),
(1967, 52, 6, '2024-10-01', 40, 7200.00, 288000.00),
(1968, 52, 6, '2025-01-01', 25, 7200.00, 180000.00),
(1969, 52, 6, '2025-04-01', 30, 7200.00, 216000.00),
(1970, 52, 6, '2025-07-01', 16, 7200.00, 115200.00),
(1971, 52, 6, '2025-10-01', 38, 7200.00, 273600.00),
(1972, 53, 6, '2024-01-01', 20, 7900.00, 158000.00),
(1973, 53, 6, '2024-04-01', 35, 7900.00, 276500.00),
(1974, 53, 6, '2024-07-01', 18, 7900.00, 142200.00),
(1975, 53, 6, '2024-10-01', 30, 7900.00, 237000.00),
(1976, 53, 6, '2025-01-01', 25, 7900.00, 197500.00),
(1977, 53, 6, '2025-04-01', 38, 7900.00, 300200.00),
(1978, 53, 6, '2025-07-01', 16, 7900.00, 126400.00),
(1979, 53, 6, '2025-10-01', 32, 7900.00, 252800.00),
(1980, 54, 6, '2024-01-01', 22, 7200.00, 158400.00),
(1981, 54, 6, '2024-04-01', 39, 7200.00, 280800.00),
(1982, 54, 6, '2024-07-01', 15, 7200.00, 108000.00),
(1983, 54, 6, '2024-10-01', 33, 7200.00, 237600.00),
(1984, 54, 6, '2025-01-01', 28, 7200.00, 201600.00);
INSERT INTO `kiralama` (`kiralama_id`, `arac_id`, `sube_id`, `kiralama_tarihi`, `kiralama_suresi`, `gunluk_ucret`, `kiralama_ucreti`) VALUES
(1985, 54, 6, '2025-04-01', 36, 7200.00, 259200.00),
(1986, 54, 6, '2025-07-01', 19, 7200.00, 136800.00),
(1987, 54, 6, '2025-10-01', 31, 7200.00, 223200.00),
(1988, 4, 7, '2021-01-01', 81, 1500.00, 121500.00),
(1989, 4, 7, '2021-04-01', 86, 1500.00, 129000.00),
(1990, 4, 7, '2021-07-01', 89, 1500.00, 133500.00),
(1991, 4, 7, '2021-10-01', 63, 1500.00, 94500.00),
(1992, 4, 7, '2022-01-01', 69, 1500.00, 103500.00),
(1993, 4, 7, '2022-04-01', 67, 1500.00, 100500.00),
(1994, 4, 7, '2022-07-01', 86, 1500.00, 129000.00),
(1995, 4, 7, '2022-10-01', 79, 1500.00, 118500.00),
(1996, 4, 7, '2023-01-01', 74, 1500.00, 111000.00),
(1997, 4, 7, '2023-04-01', 90, 1500.00, 135000.00),
(1998, 4, 7, '2023-07-01', 84, 1500.00, 126000.00),
(1999, 4, 7, '2023-10-01', 89, 1500.00, 133500.00),
(2000, 4, 7, '2024-01-01', 83, 1500.00, 124500.00),
(2001, 4, 7, '2024-04-01', 84, 1500.00, 126000.00),
(2002, 4, 7, '2024-07-01', 80, 1500.00, 120000.00),
(2003, 4, 7, '2024-10-01', 66, 1500.00, 99000.00),
(2004, 4, 7, '2025-01-01', 66, 1500.00, 99000.00),
(2005, 4, 7, '2025-04-01', 90, 1500.00, 135000.00),
(2006, 4, 7, '2025-07-01', 77, 1500.00, 115500.00),
(2007, 4, 7, '2025-10-01', 74, 1500.00, 111000.00),
(2008, 6, 7, '2021-01-01', 69, 1850.00, 127650.00),
(2009, 6, 7, '2021-04-01', 64, 1850.00, 118400.00),
(2010, 6, 7, '2021-07-01', 71, 1850.00, 131350.00),
(2011, 6, 7, '2021-10-01', 65, 1850.00, 120250.00),
(2012, 6, 7, '2022-01-01', 88, 1850.00, 162800.00),
(2013, 6, 7, '2022-04-01', 63, 1850.00, 116550.00),
(2014, 6, 7, '2022-07-01', 76, 1850.00, 140600.00),
(2015, 6, 7, '2022-10-01', 87, 1850.00, 160950.00),
(2016, 6, 7, '2023-01-01', 66, 1850.00, 122100.00),
(2017, 6, 7, '2023-04-01', 84, 1850.00, 155400.00),
(2018, 6, 7, '2023-07-01', 71, 1850.00, 131350.00),
(2019, 6, 7, '2023-10-01', 67, 1850.00, 123950.00),
(2020, 6, 7, '2024-01-01', 82, 1850.00, 151700.00),
(2021, 6, 7, '2024-04-01', 90, 1850.00, 166500.00),
(2022, 6, 7, '2024-07-01', 71, 1850.00, 131350.00),
(2023, 6, 7, '2024-10-01', 66, 1850.00, 122100.00),
(2024, 6, 7, '2025-01-01', 73, 1850.00, 135050.00),
(2025, 6, 7, '2025-04-01', 72, 1850.00, 133200.00),
(2026, 6, 7, '2025-07-01', 69, 1850.00, 127650.00),
(2027, 6, 7, '2025-10-01', 72, 1850.00, 133200.00),
(2028, 12, 7, '2021-01-01', 77, 1850.00, 142450.00),
(2029, 12, 7, '2021-04-01', 70, 1850.00, 129500.00),
(2030, 12, 7, '2021-07-01', 86, 1850.00, 159100.00),
(2031, 12, 7, '2021-10-01', 73, 1850.00, 135050.00),
(2032, 12, 7, '2022-01-01', 84, 1850.00, 155400.00),
(2033, 12, 7, '2022-04-01', 82, 1850.00, 151700.00),
(2034, 12, 7, '2022-07-01', 81, 1850.00, 149850.00),
(2035, 12, 7, '2022-10-01', 75, 1850.00, 138750.00),
(2036, 12, 7, '2023-01-01', 71, 1850.00, 131350.00),
(2037, 12, 7, '2023-04-01', 75, 1850.00, 138750.00),
(2038, 12, 7, '2023-07-01', 89, 1850.00, 164650.00),
(2039, 12, 7, '2023-10-01', 82, 1850.00, 151700.00),
(2040, 12, 7, '2024-01-01', 63, 1850.00, 116550.00),
(2041, 12, 7, '2024-04-01', 70, 1850.00, 129500.00),
(2042, 12, 7, '2024-07-01', 89, 1850.00, 164650.00),
(2043, 12, 7, '2024-10-01', 62, 1850.00, 114700.00),
(2044, 12, 7, '2025-01-01', 83, 1850.00, 153550.00),
(2045, 12, 7, '2025-04-01', 79, 1850.00, 146150.00),
(2046, 12, 7, '2025-07-01', 63, 1850.00, 116550.00),
(2047, 12, 7, '2025-10-01', 90, 1850.00, 166500.00),
(2048, 14, 7, '2021-01-01', 76, 1850.00, 140600.00),
(2049, 14, 7, '2021-04-01', 81, 1850.00, 149850.00),
(2050, 14, 7, '2021-07-01', 81, 1850.00, 149850.00),
(2051, 14, 7, '2021-10-01', 77, 1850.00, 142450.00),
(2052, 14, 7, '2022-01-01', 73, 1850.00, 135050.00),
(2053, 14, 7, '2022-04-01', 61, 1850.00, 112850.00),
(2054, 14, 7, '2022-07-01', 66, 1850.00, 122100.00),
(2055, 14, 7, '2022-10-01', 63, 1850.00, 116550.00),
(2056, 14, 7, '2023-01-01', 69, 1850.00, 127650.00),
(2057, 14, 7, '2023-04-01', 63, 1850.00, 116550.00),
(2058, 14, 7, '2023-07-01', 82, 1850.00, 151700.00),
(2059, 14, 7, '2023-10-01', 65, 1850.00, 120250.00),
(2060, 14, 7, '2024-01-01', 62, 1850.00, 114700.00),
(2061, 14, 7, '2024-04-01', 62, 1850.00, 114700.00),
(2062, 14, 7, '2024-07-01', 78, 1850.00, 144300.00),
(2063, 14, 7, '2024-10-01', 82, 1850.00, 151700.00),
(2064, 14, 7, '2025-01-01', 78, 1850.00, 144300.00),
(2065, 14, 7, '2025-04-01', 89, 1850.00, 164650.00),
(2066, 14, 7, '2025-07-01', 66, 1850.00, 122100.00),
(2067, 14, 7, '2025-10-01', 67, 1850.00, 123950.00),
(2068, 16, 7, '2021-01-01', 82, 1850.00, 151700.00),
(2069, 16, 7, '2021-04-01', 74, 1850.00, 136900.00),
(2070, 16, 7, '2021-07-01', 73, 1850.00, 135050.00),
(2071, 16, 7, '2021-10-01', 80, 1850.00, 148000.00),
(2072, 16, 7, '2022-01-01', 60, 1850.00, 111000.00),
(2073, 16, 7, '2022-04-01', 68, 1850.00, 125800.00),
(2074, 16, 7, '2022-07-01', 82, 1850.00, 151700.00),
(2075, 16, 7, '2022-10-01', 73, 1850.00, 135050.00),
(2076, 16, 7, '2023-01-01', 79, 1850.00, 146150.00),
(2077, 16, 7, '2023-04-01', 75, 1850.00, 138750.00),
(2078, 16, 7, '2023-07-01', 87, 1850.00, 160950.00),
(2079, 16, 7, '2023-10-01', 64, 1850.00, 118400.00),
(2080, 16, 7, '2024-01-01', 81, 1850.00, 149850.00),
(2081, 16, 7, '2024-04-01', 78, 1850.00, 144300.00),
(2082, 16, 7, '2024-07-01', 70, 1850.00, 129500.00),
(2083, 16, 7, '2024-10-01', 83, 1850.00, 153550.00),
(2084, 16, 7, '2025-01-01', 90, 1850.00, 166500.00),
(2085, 16, 7, '2025-04-01', 83, 1850.00, 153550.00),
(2086, 16, 7, '2025-07-01', 66, 1850.00, 122100.00),
(2087, 16, 7, '2025-10-01', 63, 1850.00, 116550.00),
(2088, 18, 7, '2021-01-01', 89, 1850.00, 164650.00),
(2089, 18, 7, '2021-04-01', 68, 1850.00, 125800.00),
(2090, 18, 7, '2021-07-01', 66, 1850.00, 122100.00),
(2091, 18, 7, '2021-10-01', 70, 1850.00, 129500.00),
(2092, 18, 7, '2022-01-01', 80, 1850.00, 148000.00),
(2093, 18, 7, '2022-04-01', 70, 1850.00, 129500.00),
(2094, 18, 7, '2022-07-01', 69, 1850.00, 127650.00),
(2095, 18, 7, '2022-10-01', 86, 1850.00, 159100.00),
(2096, 18, 7, '2023-01-01', 87, 1850.00, 160950.00),
(2097, 18, 7, '2023-04-01', 67, 1850.00, 123950.00),
(2098, 18, 7, '2023-07-01', 71, 1850.00, 131350.00),
(2099, 18, 7, '2023-10-01', 63, 1850.00, 116550.00),
(2100, 18, 7, '2024-01-01', 71, 1850.00, 131350.00),
(2101, 18, 7, '2024-04-01', 68, 1850.00, 125800.00),
(2102, 18, 7, '2024-07-01', 74, 1850.00, 136900.00),
(2103, 18, 7, '2024-10-01', 75, 1850.00, 138750.00),
(2104, 18, 7, '2025-01-01', 77, 1850.00, 142450.00),
(2105, 18, 7, '2025-04-01', 64, 1850.00, 118400.00),
(2106, 18, 7, '2025-07-01', 68, 1850.00, 125800.00),
(2107, 18, 7, '2025-10-01', 80, 1850.00, 148000.00),
(2108, 23, 7, '2021-01-01', 72, 2300.00, 165600.00),
(2109, 23, 7, '2021-04-01', 90, 2300.00, 207000.00),
(2110, 23, 7, '2021-07-01', 62, 2300.00, 142600.00),
(2111, 23, 7, '2021-10-01', 66, 2300.00, 151800.00),
(2112, 23, 7, '2022-01-01', 64, 2300.00, 147200.00),
(2113, 23, 7, '2022-04-01', 60, 2300.00, 138000.00),
(2114, 23, 7, '2022-07-01', 63, 2300.00, 144900.00),
(2115, 23, 7, '2022-10-01', 65, 2300.00, 149500.00),
(2116, 23, 7, '2023-01-01', 85, 2300.00, 195500.00),
(2117, 23, 7, '2023-04-01', 83, 2300.00, 190900.00),
(2118, 23, 7, '2023-07-01', 83, 2300.00, 190900.00),
(2119, 23, 7, '2023-10-01', 72, 2300.00, 165600.00),
(2120, 23, 7, '2024-01-01', 72, 2300.00, 165600.00),
(2121, 23, 7, '2024-04-01', 84, 2300.00, 193200.00),
(2122, 23, 7, '2024-07-01', 88, 2300.00, 202400.00),
(2123, 23, 7, '2024-10-01', 70, 2300.00, 161000.00),
(2124, 23, 7, '2025-01-01', 64, 2300.00, 147200.00),
(2125, 23, 7, '2025-04-01', 77, 2300.00, 177100.00),
(2126, 23, 7, '2025-07-01', 67, 2300.00, 154100.00),
(2127, 23, 7, '2025-10-01', 88, 2300.00, 202400.00),
(2128, 33, 7, '2021-01-01', 68, 2300.00, 156400.00),
(2129, 33, 7, '2021-04-01', 90, 2300.00, 207000.00),
(2130, 33, 7, '2021-07-01', 67, 2300.00, 154100.00),
(2131, 33, 7, '2021-10-01', 84, 2300.00, 193200.00),
(2132, 33, 7, '2022-01-01', 85, 2300.00, 195500.00),
(2133, 33, 7, '2022-04-01', 65, 2300.00, 149500.00),
(2134, 33, 7, '2022-07-01', 85, 2300.00, 195500.00),
(2135, 33, 7, '2022-10-01', 68, 2300.00, 156400.00),
(2136, 33, 7, '2023-01-01', 73, 2300.00, 167900.00),
(2137, 33, 7, '2023-04-01', 64, 2300.00, 147200.00),
(2138, 33, 7, '2023-07-01', 69, 2300.00, 158700.00),
(2139, 33, 7, '2023-10-01', 68, 2300.00, 156400.00),
(2140, 33, 7, '2024-01-01', 82, 2300.00, 188600.00),
(2141, 33, 7, '2024-04-01', 69, 2300.00, 158700.00),
(2142, 33, 7, '2024-07-01', 61, 2300.00, 140300.00),
(2143, 33, 7, '2024-10-01', 88, 2300.00, 202400.00),
(2144, 33, 7, '2025-01-01', 69, 2300.00, 158700.00),
(2145, 33, 7, '2025-04-01', 88, 2300.00, 202400.00),
(2146, 33, 7, '2025-07-01', 83, 2300.00, 190900.00),
(2147, 33, 7, '2025-10-01', 73, 2300.00, 167900.00),
(2148, 25, 7, '2021-01-01', 37, 4000.00, 148000.00),
(2149, 25, 7, '2021-04-01', 35, 4000.00, 140000.00),
(2150, 25, 7, '2021-07-01', 61, 4000.00, 244000.00),
(2151, 25, 7, '2021-10-01', 34, 4000.00, 136000.00),
(2152, 25, 7, '2022-01-01', 48, 4000.00, 192000.00),
(2153, 25, 7, '2022-04-01', 52, 4000.00, 208000.00),
(2154, 25, 7, '2022-07-01', 33, 4000.00, 132000.00),
(2155, 25, 7, '2022-10-01', 56, 4000.00, 224000.00),
(2156, 25, 7, '2023-01-01', 69, 4000.00, 276000.00),
(2157, 25, 7, '2023-04-01', 45, 4000.00, 180000.00),
(2158, 25, 7, '2023-07-01', 62, 4000.00, 248000.00),
(2159, 25, 7, '2023-10-01', 58, 4000.00, 232000.00),
(2160, 25, 7, '2024-01-01', 52, 4000.00, 208000.00),
(2161, 25, 7, '2024-04-01', 52, 4000.00, 208000.00),
(2162, 25, 7, '2024-07-01', 60, 4000.00, 240000.00),
(2163, 25, 7, '2024-10-01', 69, 4000.00, 276000.00),
(2164, 25, 7, '2025-01-01', 34, 4000.00, 136000.00),
(2165, 25, 7, '2025-04-01', 36, 4000.00, 144000.00),
(2166, 25, 7, '2025-07-01', 46, 4000.00, 184000.00),
(2167, 25, 7, '2025-10-01', 33, 4000.00, 132000.00),
(2168, 35, 7, '2021-01-01', 44, 4000.00, 176000.00),
(2169, 35, 7, '2021-04-01', 58, 4000.00, 232000.00),
(2170, 35, 7, '2021-07-01', 53, 4000.00, 212000.00),
(2171, 35, 7, '2021-10-01', 35, 4000.00, 140000.00),
(2172, 35, 7, '2022-01-01', 31, 4000.00, 124000.00),
(2173, 35, 7, '2022-04-01', 41, 4000.00, 164000.00),
(2174, 35, 7, '2022-07-01', 53, 4000.00, 212000.00),
(2175, 35, 7, '2022-10-01', 63, 4000.00, 252000.00),
(2176, 35, 7, '2023-01-01', 59, 4000.00, 236000.00),
(2177, 35, 7, '2023-04-01', 67, 4000.00, 268000.00),
(2178, 35, 7, '2023-07-01', 51, 4000.00, 204000.00),
(2179, 35, 7, '2023-10-01', 41, 4000.00, 164000.00),
(2180, 35, 7, '2024-01-01', 51, 4000.00, 204000.00),
(2181, 35, 7, '2024-04-01', 58, 4000.00, 232000.00),
(2182, 35, 7, '2024-07-01', 55, 4000.00, 220000.00),
(2183, 35, 7, '2024-10-01', 46, 4000.00, 184000.00),
(2184, 35, 7, '2025-01-01', 44, 4000.00, 176000.00),
(2185, 35, 7, '2025-04-01', 35, 4000.00, 140000.00),
(2186, 35, 7, '2025-07-01', 48, 4000.00, 192000.00),
(2187, 35, 7, '2025-10-01', 68, 4000.00, 272000.00),
(2188, 36, 7, '2021-01-01', 36, 3500.00, 126000.00),
(2189, 36, 7, '2021-04-01', 68, 3500.00, 238000.00),
(2190, 36, 7, '2021-07-01', 50, 3500.00, 175000.00),
(2191, 36, 7, '2021-10-01', 54, 3500.00, 189000.00),
(2192, 36, 7, '2022-01-01', 66, 3500.00, 231000.00),
(2193, 36, 7, '2022-04-01', 48, 3500.00, 168000.00),
(2194, 36, 7, '2022-07-01', 45, 3500.00, 157500.00),
(2195, 36, 7, '2022-10-01', 60, 3500.00, 210000.00),
(2196, 36, 7, '2023-01-01', 52, 3500.00, 182000.00),
(2197, 36, 7, '2023-04-01', 61, 3500.00, 213500.00),
(2198, 36, 7, '2023-07-01', 60, 3500.00, 210000.00),
(2199, 36, 7, '2023-10-01', 35, 3500.00, 122500.00),
(2200, 36, 7, '2024-01-01', 30, 3500.00, 105000.00),
(2201, 36, 7, '2024-04-01', 39, 3500.00, 136500.00),
(2202, 36, 7, '2024-07-01', 35, 3500.00, 122500.00),
(2203, 36, 7, '2024-10-01', 50, 3500.00, 175000.00),
(2204, 36, 7, '2025-01-01', 62, 3500.00, 217000.00),
(2205, 36, 7, '2025-04-01', 34, 3500.00, 119000.00),
(2206, 36, 7, '2025-07-01', 45, 3500.00, 157500.00),
(2207, 36, 7, '2025-10-01', 70, 3500.00, 245000.00),
(2208, 42, 7, '2021-01-01', 66, 3500.00, 231000.00),
(2209, 42, 7, '2021-04-01', 57, 3500.00, 199500.00),
(2210, 42, 7, '2021-07-01', 46, 3500.00, 161000.00),
(2211, 42, 7, '2021-10-01', 64, 3500.00, 224000.00),
(2212, 42, 7, '2022-01-01', 33, 3500.00, 115500.00),
(2213, 42, 7, '2022-04-01', 53, 3500.00, 185500.00),
(2214, 42, 7, '2022-07-01', 37, 3500.00, 129500.00),
(2215, 42, 7, '2022-10-01', 31, 3500.00, 108500.00),
(2216, 42, 7, '2023-01-01', 59, 3500.00, 206500.00),
(2217, 42, 7, '2023-04-01', 31, 3500.00, 108500.00),
(2218, 42, 7, '2023-07-01', 39, 3500.00, 136500.00),
(2219, 42, 7, '2023-10-01', 61, 3500.00, 213500.00),
(2220, 42, 7, '2024-01-01', 30, 3500.00, 105000.00),
(2221, 42, 7, '2024-04-01', 50, 3500.00, 175000.00),
(2222, 42, 7, '2024-07-01', 54, 3500.00, 189000.00),
(2223, 42, 7, '2024-10-01', 47, 3500.00, 164500.00),
(2224, 42, 7, '2025-01-01', 59, 3500.00, 206500.00),
(2225, 42, 7, '2025-04-01', 52, 3500.00, 182000.00),
(2226, 42, 7, '2025-07-01', 53, 3500.00, 185500.00),
(2227, 42, 7, '2025-10-01', 54, 3500.00, 189000.00),
(2228, 45, 7, '2021-01-01', 38, 3500.00, 133000.00),
(2229, 45, 7, '2021-04-01', 43, 3500.00, 150500.00),
(2230, 45, 7, '2021-07-01', 37, 3500.00, 129500.00),
(2231, 45, 7, '2021-10-01', 55, 3500.00, 192500.00),
(2232, 45, 7, '2022-01-01', 37, 3500.00, 129500.00),
(2233, 45, 7, '2022-04-01', 32, 3500.00, 112000.00),
(2234, 45, 7, '2022-07-01', 66, 3500.00, 231000.00),
(2235, 45, 7, '2022-10-01', 35, 3500.00, 122500.00),
(2236, 45, 7, '2023-01-01', 38, 3500.00, 133000.00),
(2237, 45, 7, '2023-04-01', 42, 3500.00, 147000.00),
(2238, 45, 7, '2023-07-01', 65, 3500.00, 227500.00),
(2239, 45, 7, '2023-10-01', 57, 3500.00, 199500.00),
(2240, 45, 7, '2024-01-01', 36, 3500.00, 126000.00),
(2241, 45, 7, '2024-04-01', 37, 3500.00, 129500.00),
(2242, 45, 7, '2024-07-01', 39, 3500.00, 136500.00),
(2243, 45, 7, '2024-10-01', 61, 3500.00, 213500.00),
(2244, 45, 7, '2025-01-01', 42, 3500.00, 147000.00),
(2245, 45, 7, '2025-04-01', 50, 3500.00, 175000.00),
(2246, 45, 7, '2025-07-01', 58, 3500.00, 203000.00),
(2247, 45, 7, '2025-10-01', 41, 3500.00, 143500.00),
(2248, 51, 7, '2021-01-01', 70, 3500.00, 245000.00),
(2249, 51, 7, '2021-04-01', 41, 3500.00, 143500.00),
(2250, 51, 7, '2021-07-01', 31, 3500.00, 108500.00),
(2251, 51, 7, '2021-10-01', 41, 3500.00, 143500.00),
(2252, 51, 7, '2022-01-01', 36, 3500.00, 126000.00),
(2253, 51, 7, '2022-04-01', 39, 3500.00, 136500.00),
(2254, 51, 7, '2022-07-01', 31, 3500.00, 108500.00),
(2255, 51, 7, '2022-10-01', 37, 3500.00, 129500.00),
(2256, 51, 7, '2023-01-01', 46, 3500.00, 161000.00),
(2257, 51, 7, '2023-04-01', 33, 3500.00, 115500.00),
(2258, 51, 7, '2023-07-01', 34, 3500.00, 119000.00),
(2259, 51, 7, '2023-10-01', 50, 3500.00, 175000.00),
(2260, 51, 7, '2024-01-01', 44, 3500.00, 154000.00),
(2261, 51, 7, '2024-04-01', 62, 3500.00, 217000.00),
(2262, 51, 7, '2024-07-01', 36, 3500.00, 126000.00),
(2263, 51, 7, '2024-10-01', 63, 3500.00, 220500.00),
(2264, 51, 7, '2025-01-01', 53, 3500.00, 185500.00),
(2265, 51, 7, '2025-04-01', 36, 3500.00, 126000.00),
(2266, 51, 7, '2025-07-01', 65, 3500.00, 227500.00),
(2267, 51, 7, '2025-10-01', 63, 3500.00, 220500.00),
(2268, 38, 7, '2024-01-01', 43, 4100.00, 176300.00),
(2269, 38, 7, '2024-04-01', 31, 4100.00, 127100.00),
(2270, 38, 7, '2024-07-01', 50, 4100.00, 205000.00),
(2271, 38, 7, '2024-10-01', 21, 4100.00, 86100.00),
(2272, 38, 7, '2025-01-01', 34, 4100.00, 139400.00),
(2273, 38, 7, '2025-04-01', 33, 4100.00, 135300.00),
(2274, 38, 7, '2025-07-01', 40, 4100.00, 164000.00),
(2275, 38, 7, '2025-10-01', 28, 4100.00, 114800.00),
(2276, 39, 7, '2024-01-01', 33, 4100.00, 135300.00),
(2277, 39, 7, '2024-04-01', 46, 4100.00, 188600.00),
(2278, 39, 7, '2024-07-01', 43, 4100.00, 176300.00),
(2279, 39, 7, '2024-10-01', 23, 4100.00, 94300.00),
(2280, 39, 7, '2025-01-01', 29, 4100.00, 118900.00),
(2281, 39, 7, '2025-04-01', 28, 4100.00, 114800.00),
(2282, 39, 7, '2025-07-01', 44, 4100.00, 180400.00),
(2283, 39, 7, '2025-10-01', 29, 4100.00, 118900.00),
(2284, 41, 7, '2024-01-01', 50, 4100.00, 205000.00),
(2285, 41, 7, '2024-04-01', 45, 4100.00, 184500.00),
(2286, 41, 7, '2024-07-01', 30, 4100.00, 123000.00),
(2287, 41, 7, '2024-10-01', 40, 4100.00, 164000.00),
(2288, 41, 7, '2025-01-01', 20, 4100.00, 82000.00),
(2289, 41, 7, '2025-04-01', 36, 4100.00, 147600.00),
(2290, 41, 7, '2025-07-01', 23, 4100.00, 94300.00),
(2291, 41, 7, '2025-10-01', 34, 4100.00, 139400.00),
(2292, 52, 7, '2024-01-01', 22, 7200.00, 158400.00),
(2293, 52, 7, '2024-04-01', 19, 7200.00, 136800.00),
(2294, 52, 7, '2024-07-01', 25, 7200.00, 180000.00),
(2295, 52, 7, '2024-10-01', 29, 7200.00, 208800.00),
(2296, 52, 7, '2025-01-01', 25, 7200.00, 180000.00),
(2297, 52, 7, '2025-04-01', 33, 7200.00, 237600.00),
(2298, 52, 7, '2025-07-01', 32, 7200.00, 230400.00),
(2299, 52, 7, '2025-10-01', 19, 7200.00, 136800.00),
(2300, 53, 7, '2024-01-01', 40, 7900.00, 316000.00),
(2301, 53, 7, '2024-04-01', 27, 7900.00, 213300.00),
(2302, 53, 7, '2024-07-01', 29, 7900.00, 229100.00),
(2303, 53, 7, '2024-10-01', 17, 7900.00, 134300.00),
(2304, 53, 7, '2025-01-01', 18, 7900.00, 142200.00),
(2305, 53, 7, '2025-04-01', 27, 7900.00, 213300.00),
(2306, 53, 7, '2025-07-01', 20, 7900.00, 158000.00),
(2307, 53, 7, '2025-10-01', 24, 7900.00, 189600.00),
(2308, 54, 7, '2024-01-01', 15, 7200.00, 108000.00),
(2309, 54, 7, '2024-04-01', 37, 7200.00, 266400.00),
(2310, 54, 7, '2024-07-01', 18, 7200.00, 129600.00),
(2311, 54, 7, '2024-10-01', 33, 7200.00, 237600.00),
(2312, 54, 7, '2025-01-01', 28, 7200.00, 201600.00),
(2313, 54, 7, '2025-04-01', 16, 7200.00, 115200.00),
(2314, 54, 7, '2025-07-01', 27, 7200.00, 194400.00),
(2315, 54, 7, '2025-10-01', 35, 7200.00, 252000.00),
(2316, 4, 8, '2021-01-01', 75, 1500.00, 112500.00),
(2317, 4, 8, '2021-04-01', 62, 1500.00, 93000.00),
(2318, 4, 8, '2021-07-01', 88, 1500.00, 132000.00),
(2319, 4, 8, '2021-10-01', 65, 1500.00, 97500.00),
(2320, 4, 8, '2022-01-01', 81, 1500.00, 121500.00),
(2321, 4, 8, '2022-04-01', 70, 1500.00, 105000.00),
(2322, 4, 8, '2022-07-01', 84, 1500.00, 126000.00),
(2323, 4, 8, '2022-10-01', 60, 1500.00, 90000.00),
(2324, 4, 8, '2023-01-01', 77, 1500.00, 115500.00),
(2325, 4, 8, '2023-04-01', 85, 1500.00, 127500.00),
(2326, 4, 8, '2023-07-01', 63, 1500.00, 94500.00),
(2327, 4, 8, '2023-10-01', 79, 1500.00, 118500.00),
(2328, 4, 8, '2024-01-01', 68, 1500.00, 102000.00),
(2329, 4, 8, '2024-04-01', 89, 1500.00, 133500.00),
(2330, 4, 8, '2024-07-01', 74, 1500.00, 111000.00),
(2331, 4, 8, '2024-10-01', 66, 1500.00, 99000.00),
(2332, 4, 8, '2025-01-01', 82, 1500.00, 123000.00),
(2333, 4, 8, '2025-04-01', 61, 1500.00, 91500.00),
(2334, 4, 8, '2025-07-01', 86, 1500.00, 129000.00),
(2335, 4, 8, '2025-10-01', 73, 1500.00, 109500.00),
(2336, 6, 8, '2021-01-01', 70, 1850.00, 129500.00),
(2337, 6, 8, '2021-04-01', 85, 1850.00, 157250.00),
(2338, 6, 8, '2021-07-01', 64, 1850.00, 118400.00),
(2339, 6, 8, '2021-10-01', 89, 1850.00, 164650.00),
(2340, 6, 8, '2022-01-01', 65, 1850.00, 120250.00),
(2341, 6, 8, '2022-04-01', 78, 1850.00, 144300.00),
(2342, 6, 8, '2022-07-01', 82, 1850.00, 151700.00),
(2343, 6, 8, '2022-10-01', 60, 1850.00, 111000.00),
(2344, 6, 8, '2023-01-01', 88, 1850.00, 162800.00),
(2345, 6, 8, '2023-04-01', 75, 1850.00, 138750.00),
(2346, 6, 8, '2023-07-01', 63, 1850.00, 116550.00),
(2347, 6, 8, '2023-10-01', 71, 1850.00, 131350.00),
(2348, 6, 8, '2024-01-01', 84, 1850.00, 155400.00),
(2349, 6, 8, '2024-04-01', 69, 1850.00, 127650.00),
(2350, 6, 8, '2024-07-01', 77, 1850.00, 142450.00),
(2351, 6, 8, '2024-10-01', 80, 1850.00, 148000.00),
(2352, 6, 8, '2025-01-01', 61, 1850.00, 112850.00),
(2353, 6, 8, '2025-04-01', 86, 1850.00, 159100.00),
(2354, 6, 8, '2025-07-01', 66, 1850.00, 122100.00),
(2355, 6, 8, '2025-10-01', 73, 1850.00, 135050.00),
(2356, 12, 8, '2021-01-01', 65, 1850.00, 120250.00),
(2357, 12, 8, '2021-04-01', 80, 1850.00, 148000.00),
(2358, 12, 8, '2021-07-01', 72, 1850.00, 133200.00),
(2359, 12, 8, '2021-10-01', 88, 1850.00, 162800.00),
(2360, 12, 8, '2022-01-01', 62, 1850.00, 114700.00),
(2361, 12, 8, '2022-04-01', 75, 1850.00, 138750.00),
(2362, 12, 8, '2022-07-01', 85, 1850.00, 157250.00),
(2363, 12, 8, '2022-10-01', 69, 1850.00, 127650.00),
(2364, 12, 8, '2023-01-01', 90, 1850.00, 166500.00),
(2365, 12, 8, '2023-04-01', 64, 1850.00, 118400.00),
(2366, 12, 8, '2023-07-01', 78, 1850.00, 144300.00),
(2367, 12, 8, '2023-10-01', 81, 1850.00, 149850.00),
(2368, 12, 8, '2024-01-01', 70, 1850.00, 129500.00),
(2369, 12, 8, '2024-04-01', 86, 1850.00, 159100.00),
(2370, 12, 8, '2024-07-01', 66, 1850.00, 122100.00),
(2371, 12, 8, '2024-10-01', 74, 1850.00, 136900.00),
(2372, 12, 8, '2025-01-01', 82, 1850.00, 151700.00),
(2373, 12, 8, '2025-04-01', 60, 1850.00, 111000.00),
(2374, 12, 8, '2025-07-01', 89, 1850.00, 164650.00),
(2375, 12, 8, '2025-10-01', 77, 1850.00, 142450.00),
(2376, 14, 8, '2021-01-01', 73, 1850.00, 135050.00),
(2377, 14, 8, '2021-04-01', 61, 1850.00, 112850.00),
(2378, 14, 8, '2021-07-01', 84, 1850.00, 155400.00),
(2379, 14, 8, '2021-10-01', 67, 1850.00, 123950.00),
(2380, 14, 8, '2022-01-01', 80, 1850.00, 148000.00),
(2381, 14, 8, '2022-04-01', 76, 1850.00, 140600.00),
(2382, 14, 8, '2022-07-01', 88, 1850.00, 162800.00),
(2383, 14, 8, '2022-10-01', 63, 1850.00, 116550.00),
(2384, 14, 8, '2023-01-01', 85, 1850.00, 157250.00),
(2385, 14, 8, '2023-04-01', 71, 1850.00, 131350.00),
(2386, 14, 8, '2023-07-01', 65, 1850.00, 120250.00),
(2387, 14, 8, '2023-10-01', 90, 1850.00, 166500.00),
(2388, 14, 8, '2024-01-01', 68, 1850.00, 125800.00),
(2389, 14, 8, '2024-04-01', 79, 1850.00, 146150.00),
(2390, 14, 8, '2024-07-01', 82, 1850.00, 151700.00),
(2391, 14, 8, '2024-10-01', 62, 1850.00, 114700.00),
(2392, 14, 8, '2025-01-01', 75, 1850.00, 138750.00),
(2393, 14, 8, '2025-04-01', 87, 1850.00, 160950.00),
(2394, 14, 8, '2025-07-01', 69, 1850.00, 127650.00),
(2395, 14, 8, '2025-10-01', 83, 1850.00, 153550.00),
(2396, 16, 8, '2021-01-01', 66, 1850.00, 122100.00),
(2397, 16, 8, '2021-04-01', 81, 1850.00, 149850.00),
(2398, 16, 8, '2021-07-01', 73, 1850.00, 135050.00),
(2399, 16, 8, '2021-10-01', 88, 1850.00, 162800.00),
(2400, 16, 8, '2022-01-01', 62, 1850.00, 114700.00),
(2401, 16, 8, '2022-04-01', 79, 1850.00, 146150.00),
(2402, 16, 8, '2022-07-01', 84, 1850.00, 155400.00),
(2403, 16, 8, '2022-10-01', 67, 1850.00, 123950.00),
(2404, 16, 8, '2023-01-01', 90, 1850.00, 166500.00),
(2405, 16, 8, '2023-04-01', 65, 1850.00, 120250.00),
(2406, 16, 8, '2023-07-01', 76, 1850.00, 140600.00),
(2407, 16, 8, '2023-10-01', 82, 1850.00, 151700.00),
(2408, 16, 8, '2024-01-01', 70, 1850.00, 129500.00),
(2409, 16, 8, '2024-04-01', 85, 1850.00, 157250.00),
(2410, 16, 8, '2024-07-01', 63, 1850.00, 116550.00),
(2411, 16, 8, '2024-10-01', 78, 1850.00, 144300.00),
(2412, 16, 8, '2025-01-01', 89, 1850.00, 164650.00),
(2413, 16, 8, '2025-04-01', 61, 1850.00, 112850.00),
(2414, 16, 8, '2025-07-01', 75, 1850.00, 138750.00),
(2415, 16, 8, '2025-10-01', 87, 1850.00, 160950.00),
(2416, 18, 8, '2021-01-01', 65, 1850.00, 120250.00),
(2417, 18, 8, '2021-04-01', 82, 1850.00, 151700.00),
(2418, 18, 8, '2021-07-01', 74, 1850.00, 136900.00),
(2419, 18, 8, '2021-10-01', 88, 1850.00, 162800.00),
(2420, 18, 8, '2022-01-01', 61, 1850.00, 112850.00),
(2421, 18, 8, '2022-04-01', 79, 1850.00, 146150.00),
(2422, 18, 8, '2022-07-01', 68, 1850.00, 125800.00),
(2423, 18, 8, '2022-10-01', 85, 1850.00, 157250.00),
(2424, 18, 8, '2023-01-01', 77, 1850.00, 142450.00),
(2425, 18, 8, '2023-04-01', 63, 1850.00, 116550.00),
(2426, 18, 8, '2023-07-01', 90, 1850.00, 166500.00),
(2427, 18, 8, '2023-10-01', 70, 1850.00, 129500.00),
(2428, 18, 8, '2024-01-01', 81, 1850.00, 149850.00),
(2429, 18, 8, '2024-04-01', 66, 1850.00, 122100.00),
(2430, 18, 8, '2024-07-01', 75, 1850.00, 138750.00),
(2431, 18, 8, '2024-10-01', 89, 1850.00, 164650.00),
(2432, 18, 8, '2025-01-01', 60, 1850.00, 111000.00),
(2433, 18, 8, '2025-04-01', 83, 1850.00, 153550.00),
(2434, 18, 8, '2025-07-01', 72, 1850.00, 133200.00),
(2435, 18, 8, '2025-10-01', 86, 1850.00, 159100.00),
(2436, 23, 8, '2021-01-01', 72, 2300.00, 165600.00),
(2437, 23, 8, '2021-04-01', 85, 2300.00, 195500.00),
(2438, 23, 8, '2021-07-01', 64, 2300.00, 147200.00),
(2439, 23, 8, '2021-10-01', 89, 2300.00, 204700.00),
(2440, 23, 8, '2022-01-01', 68, 2300.00, 156400.00),
(2441, 23, 8, '2022-04-01', 77, 2300.00, 177100.00),
(2442, 23, 8, '2022-07-01', 82, 2300.00, 188600.00),
(2443, 23, 8, '2022-10-01', 60, 2300.00, 138000.00),
(2444, 23, 8, '2023-01-01', 90, 2300.00, 207000.00),
(2445, 23, 8, '2023-04-01', 66, 2300.00, 151800.00),
(2446, 23, 8, '2023-07-01', 75, 2300.00, 172500.00),
(2447, 23, 8, '2023-10-01', 83, 2300.00, 190900.00),
(2448, 23, 8, '2024-01-01', 71, 2300.00, 163300.00),
(2449, 23, 8, '2024-04-01', 80, 2300.00, 184000.00),
(2450, 23, 8, '2024-07-01', 63, 2300.00, 144900.00),
(2451, 23, 8, '2024-10-01', 76, 2300.00, 174800.00),
(2452, 23, 8, '2025-01-01', 84, 2300.00, 193200.00),
(2453, 23, 8, '2025-04-01', 69, 2300.00, 158700.00),
(2454, 23, 8, '2025-07-01', 87, 2300.00, 200100.00),
(2455, 23, 8, '2025-10-01', 73, 2300.00, 167900.00),
(2456, 33, 8, '2021-01-01', 65, 2300.00, 149500.00),
(2457, 33, 8, '2021-04-01', 81, 2300.00, 186300.00),
(2458, 33, 8, '2021-07-01', 78, 2300.00, 179400.00),
(2459, 33, 8, '2021-10-01', 62, 2300.00, 142600.00),
(2460, 33, 8, '2022-01-01', 86, 2300.00, 197800.00),
(2461, 33, 8, '2022-04-01', 70, 2300.00, 161000.00),
(2462, 33, 8, '2022-07-01', 88, 2300.00, 202400.00),
(2463, 33, 8, '2022-10-01', 74, 2300.00, 170200.00),
(2464, 33, 8, '2023-01-01', 61, 2300.00, 140300.00),
(2465, 33, 8, '2023-04-01', 79, 2300.00, 181700.00),
(2466, 33, 8, '2023-07-01', 85, 2300.00, 195500.00),
(2467, 33, 8, '2023-10-01', 67, 2300.00, 154100.00),
(2468, 33, 8, '2024-01-01', 82, 2300.00, 188600.00),
(2469, 33, 8, '2024-04-01', 73, 2300.00, 167900.00),
(2470, 33, 8, '2024-07-01', 64, 2300.00, 147200.00),
(2471, 33, 8, '2024-10-01', 89, 2300.00, 204700.00),
(2472, 33, 8, '2025-01-01', 76, 2300.00, 174800.00),
(2473, 33, 8, '2025-04-01', 68, 2300.00, 156400.00),
(2474, 33, 8, '2025-07-01', 80, 2300.00, 184000.00),
(2475, 33, 8, '2025-10-01', 71, 2300.00, 163300.00),
(2476, 25, 8, '2021-01-01', 40, 4000.00, 160000.00),
(2477, 25, 8, '2021-04-01', 65, 4000.00, 260000.00),
(2478, 25, 8, '2021-07-01', 33, 4000.00, 132000.00),
(2479, 25, 8, '2021-10-01', 58, 4000.00, 232000.00),
(2480, 25, 8, '2022-01-01', 45, 4000.00, 180000.00),
(2481, 25, 8, '2022-04-01', 70, 4000.00, 280000.00),
(2482, 25, 8, '2022-07-01', 36, 4000.00, 144000.00),
(2483, 25, 8, '2022-10-01', 62, 4000.00, 248000.00),
(2484, 25, 8, '2023-01-01', 40, 4000.00, 160000.00),
(2485, 25, 8, '2023-04-01', 65, 4000.00, 260000.00),
(2486, 25, 8, '2023-07-01', 33, 4000.00, 132000.00),
(2487, 25, 8, '2023-10-01', 58, 4000.00, 232000.00),
(2488, 25, 8, '2024-01-01', 45, 4000.00, 180000.00),
(2489, 25, 8, '2024-04-01', 70, 4000.00, 280000.00),
(2490, 25, 8, '2024-07-01', 36, 4000.00, 144000.00),
(2491, 25, 8, '2024-10-01', 62, 4000.00, 248000.00),
(2492, 25, 8, '2025-01-01', 40, 4000.00, 160000.00),
(2493, 25, 8, '2025-04-01', 65, 4000.00, 260000.00),
(2494, 25, 8, '2025-07-01', 33, 4000.00, 132000.00),
(2495, 25, 8, '2025-10-01', 58, 4000.00, 232000.00),
(2496, 35, 8, '2021-01-01', 50, 4000.00, 200000.00),
(2497, 35, 8, '2021-04-01', 38, 4000.00, 152000.00),
(2498, 35, 8, '2021-07-01', 67, 4000.00, 268000.00),
(2499, 35, 8, '2021-10-01', 42, 4000.00, 168000.00),
(2500, 35, 8, '2022-01-01', 55, 4000.00, 220000.00),
(2501, 35, 8, '2022-04-01', 31, 4000.00, 124000.00),
(2502, 35, 8, '2022-07-01', 60, 4000.00, 240000.00),
(2503, 35, 8, '2022-10-01', 48, 4000.00, 192000.00),
(2504, 35, 8, '2023-01-01', 50, 4000.00, 200000.00),
(2505, 35, 8, '2023-04-01', 38, 4000.00, 152000.00),
(2506, 35, 8, '2023-07-01', 67, 4000.00, 268000.00),
(2507, 35, 8, '2023-10-01', 42, 4000.00, 168000.00),
(2508, 35, 8, '2024-01-01', 55, 4000.00, 220000.00),
(2509, 35, 8, '2024-04-01', 31, 4000.00, 124000.00),
(2510, 35, 8, '2024-07-01', 60, 4000.00, 240000.00),
(2511, 35, 8, '2024-10-01', 48, 4000.00, 192000.00),
(2512, 35, 8, '2025-01-01', 50, 4000.00, 200000.00),
(2513, 35, 8, '2025-04-01', 38, 4000.00, 152000.00),
(2514, 35, 8, '2025-07-01', 67, 4000.00, 268000.00),
(2515, 35, 8, '2025-10-01', 42, 4000.00, 168000.00),
(2516, 36, 8, '2021-01-01', 35, 3500.00, 122500.00),
(2517, 36, 8, '2021-04-01', 52, 3500.00, 182000.00),
(2518, 36, 8, '2021-07-01', 68, 3500.00, 238000.00),
(2519, 36, 8, '2021-10-01', 41, 3500.00, 143500.00),
(2520, 36, 8, '2022-01-01', 55, 3500.00, 192500.00),
(2521, 36, 8, '2022-04-01', 32, 3500.00, 112000.00),
(2522, 36, 8, '2022-07-01', 60, 3500.00, 210000.00),
(2523, 36, 8, '2022-10-01', 48, 3500.00, 168000.00),
(2524, 36, 8, '2023-01-01', 65, 3500.00, 227500.00),
(2525, 36, 8, '2023-04-01', 38, 3500.00, 133000.00),
(2526, 36, 8, '2023-07-01', 59, 3500.00, 206500.00),
(2527, 36, 8, '2023-10-01', 44, 3500.00, 154000.00),
(2528, 36, 8, '2024-01-01', 70, 3500.00, 245000.00),
(2529, 36, 8, '2024-04-01', 34, 3500.00, 119000.00),
(2530, 36, 8, '2024-07-01', 50, 3500.00, 175000.00),
(2531, 36, 8, '2024-10-01', 63, 3500.00, 220500.00),
(2532, 36, 8, '2025-01-01', 40, 3500.00, 140000.00),
(2533, 36, 8, '2025-04-01', 66, 3500.00, 231000.00),
(2534, 36, 8, '2025-07-01', 30, 3500.00, 105000.00),
(2535, 36, 8, '2025-10-01', 57, 3500.00, 199500.00),
(2536, 42, 8, '2021-01-01', 45, 3500.00, 157500.00),
(2537, 42, 8, '2021-04-01', 62, 3500.00, 217000.00),
(2538, 42, 8, '2021-07-01', 34, 3500.00, 119000.00),
(2539, 42, 8, '2021-10-01', 58, 3500.00, 203000.00),
(2540, 42, 8, '2022-01-01', 69, 3500.00, 241500.00),
(2541, 42, 8, '2022-04-01', 31, 3500.00, 108500.00),
(2542, 42, 8, '2022-07-01', 50, 3500.00, 175000.00),
(2543, 42, 8, '2022-10-01', 66, 3500.00, 231000.00),
(2544, 42, 8, '2023-01-01', 55, 3500.00, 192500.00),
(2545, 42, 8, '2023-04-01', 40, 3500.00, 140000.00),
(2546, 42, 8, '2023-07-01', 68, 3500.00, 238000.00),
(2547, 42, 8, '2023-10-01', 36, 3500.00, 126000.00),
(2548, 42, 8, '2024-01-01', 63, 3500.00, 220500.00),
(2549, 42, 8, '2024-04-01', 48, 3500.00, 168000.00),
(2550, 42, 8, '2024-07-01', 33, 3500.00, 115500.00),
(2551, 42, 8, '2024-10-01', 59, 3500.00, 206500.00),
(2552, 42, 8, '2025-01-01', 38, 3500.00, 133000.00),
(2553, 42, 8, '2025-04-01', 65, 3500.00, 227500.00),
(2554, 42, 8, '2025-07-01', 42, 3500.00, 147000.00),
(2555, 42, 8, '2025-10-01', 60, 3500.00, 210000.00),
(2556, 45, 8, '2021-01-01', 52, 3500.00, 182000.00),
(2557, 45, 8, '2021-04-01', 70, 3500.00, 245000.00),
(2558, 45, 8, '2021-07-01', 35, 3500.00, 122500.00),
(2559, 45, 8, '2021-10-01', 56, 3500.00, 196000.00),
(2560, 45, 8, '2022-01-01', 40, 3500.00, 140000.00),
(2561, 45, 8, '2022-04-01', 65, 3500.00, 227500.00),
(2562, 45, 8, '2022-07-01', 42, 3500.00, 147000.00),
(2563, 45, 8, '2022-10-01', 60, 3500.00, 210000.00),
(2564, 45, 8, '2023-01-01', 52, 3500.00, 182000.00),
(2565, 45, 8, '2023-04-01', 70, 3500.00, 245000.00),
(2566, 45, 8, '2023-07-01', 35, 3500.00, 122500.00),
(2567, 45, 8, '2023-10-01', 56, 3500.00, 196000.00),
(2568, 45, 8, '2024-01-01', 45, 3500.00, 157500.00),
(2569, 45, 8, '2024-04-01', 62, 3500.00, 217000.00),
(2570, 45, 8, '2024-07-01', 34, 3500.00, 119000.00),
(2571, 45, 8, '2024-10-01', 58, 3500.00, 203000.00),
(2572, 45, 8, '2025-01-01', 69, 3500.00, 241500.00),
(2573, 45, 8, '2025-04-01', 31, 3500.00, 108500.00),
(2574, 45, 8, '2025-07-01', 50, 3500.00, 175000.00),
(2575, 45, 8, '2025-10-01', 66, 3500.00, 231000.00),
(2576, 51, 8, '2021-01-01', 38, 3500.00, 133000.00),
(2577, 51, 8, '2021-04-01', 65, 3500.00, 227500.00),
(2578, 51, 8, '2021-07-01', 42, 3500.00, 147000.00),
(2579, 51, 8, '2021-10-01', 60, 3500.00, 210000.00),
(2580, 51, 8, '2022-01-01', 52, 3500.00, 182000.00),
(2581, 51, 8, '2022-04-01', 70, 3500.00, 245000.00),
(2582, 51, 8, '2022-07-01', 35, 3500.00, 122500.00),
(2583, 51, 8, '2022-10-01', 56, 3500.00, 196000.00),
(2584, 51, 8, '2023-01-01', 38, 3500.00, 133000.00),
(2585, 51, 8, '2023-04-01', 65, 3500.00, 227500.00),
(2586, 51, 8, '2023-07-01', 42, 3500.00, 147000.00),
(2587, 51, 8, '2023-10-01', 60, 3500.00, 210000.00),
(2588, 51, 8, '2024-01-01', 52, 3500.00, 182000.00),
(2589, 51, 8, '2024-04-01', 70, 3500.00, 245000.00),
(2590, 51, 8, '2024-07-01', 35, 3500.00, 122500.00),
(2591, 51, 8, '2024-10-01', 56, 3500.00, 196000.00),
(2592, 51, 8, '2025-01-01', 38, 3500.00, 133000.00),
(2593, 51, 8, '2025-04-01', 65, 3500.00, 227500.00),
(2594, 51, 8, '2025-07-01', 42, 3500.00, 147000.00),
(2595, 51, 8, '2025-10-01', 60, 3500.00, 210000.00),
(2596, 38, 8, '2024-01-01', 25, 4100.00, 102500.00),
(2597, 38, 8, '2024-04-01', 42, 4100.00, 172200.00),
(2598, 38, 8, '2024-07-01', 30, 4100.00, 123000.00),
(2599, 38, 8, '2024-10-01', 48, 4100.00, 196800.00),
(2600, 38, 8, '2025-01-01', 21, 4100.00, 86100.00),
(2601, 38, 8, '2025-04-01', 39, 4100.00, 159900.00),
(2602, 38, 8, '2025-07-01', 45, 4100.00, 184500.00),
(2603, 38, 8, '2025-10-01', 33, 4100.00, 135300.00),
(2604, 39, 8, '2024-01-01', 40, 4100.00, 164000.00),
(2605, 39, 8, '2024-04-01', 28, 4100.00, 114800.00),
(2606, 39, 8, '2024-07-01', 50, 4100.00, 205000.00),
(2607, 39, 8, '2024-10-01', 35, 4100.00, 143500.00),
(2608, 39, 8, '2025-01-01', 44, 4100.00, 180400.00),
(2609, 39, 8, '2025-04-01', 23, 4100.00, 94300.00),
(2610, 39, 8, '2025-07-01', 47, 4100.00, 192700.00),
(2611, 39, 8, '2025-10-01', 32, 4100.00, 131200.00),
(2612, 41, 8, '2024-01-01', 26, 4100.00, 106600.00),
(2613, 41, 8, '2024-04-01', 49, 4100.00, 200900.00),
(2614, 41, 8, '2024-07-01', 37, 4100.00, 151700.00),
(2615, 41, 8, '2024-10-01', 20, 4100.00, 82000.00),
(2616, 41, 8, '2025-01-01', 41, 4100.00, 168100.00),
(2617, 41, 8, '2025-04-01', 46, 4100.00, 188600.00),
(2618, 41, 8, '2025-07-01', 29, 4100.00, 118900.00),
(2619, 41, 8, '2025-10-01', 38, 4100.00, 155800.00),
(2620, 52, 8, '2024-01-01', 20, 7200.00, 144000.00),
(2621, 52, 8, '2024-04-01', 35, 7200.00, 252000.00),
(2622, 52, 8, '2024-07-01', 18, 7200.00, 129600.00),
(2623, 52, 8, '2024-10-01', 40, 7200.00, 288000.00),
(2624, 52, 8, '2025-01-01', 25, 7200.00, 180000.00),
(2625, 52, 8, '2025-04-01', 30, 7200.00, 216000.00),
(2626, 52, 8, '2025-07-01', 16, 7200.00, 115200.00),
(2627, 52, 8, '2025-10-01', 38, 7200.00, 273600.00),
(2628, 53, 8, '2024-01-01', 20, 7900.00, 158000.00),
(2629, 53, 8, '2024-04-01', 35, 7900.00, 276500.00),
(2630, 53, 8, '2024-07-01', 18, 7900.00, 142200.00),
(2631, 53, 8, '2024-10-01', 30, 7900.00, 237000.00),
(2632, 53, 8, '2025-01-01', 25, 7900.00, 197500.00),
(2633, 53, 8, '2025-04-01', 38, 7900.00, 300200.00),
(2634, 53, 8, '2025-07-01', 16, 7900.00, 126400.00),
(2635, 53, 8, '2025-10-01', 32, 7900.00, 252800.00),
(2636, 54, 8, '2024-01-01', 22, 7200.00, 158400.00),
(2637, 54, 8, '2024-04-01', 39, 7200.00, 280800.00),
(2638, 54, 8, '2024-07-01', 15, 7200.00, 108000.00),
(2639, 54, 8, '2024-10-01', 33, 7200.00, 237600.00),
(2640, 54, 8, '2025-01-01', 28, 7200.00, 201600.00),
(2641, 54, 8, '2025-04-01', 36, 7200.00, 259200.00),
(2642, 54, 8, '2025-07-01', 19, 7200.00, 136800.00),
(2643, 54, 8, '2025-10-01', 31, 7200.00, 223200.00),
(2644, 56, 1, '2025-11-11', 5, 1700.00, 8500.00),
(2645, 1, 2, '2023-08-08', 13, 1851.00, 24063.00),
(2646, 1, 8, '2022-03-15', 14, 1226.00, 17164.00),
(2647, 1, 3, '2021-08-23', 8, 1309.00, 10472.00),
(2648, 1, 5, '2025-08-14', 10, 1561.00, 15610.00),
(2649, 1, 4, '2022-06-29', 11, 1128.00, 12408.00),
(2650, 1, 3, '2024-01-21', 6, 1925.00, 11550.00),
(2651, 1, 7, '2021-06-12', 10, 1777.00, 17770.00),
(2652, 1, 7, '2021-11-14', 13, 1254.00, 16302.00),
(2653, 1, 7, '2021-10-14', 10, 1141.00, 11410.00),
(2654, 1, 5, '2025-04-15', 6, 1385.00, 8310.00),
(2655, 2, 6, '2021-03-19', 12, 1009.00, 12108.00),
(2656, 2, 5, '2021-10-11', 15, 1592.00, 23880.00),
(2657, 3, 2, '2024-11-20', 7, 1641.00, 11487.00),
(2658, 3, 8, '2021-08-25', 9, 1657.00, 14913.00),
(2659, 3, 2, '2022-02-15', 7, 1171.00, 8197.00),
(2660, 4, 8, '2022-02-17', 6, 1624.00, 9744.00),
(2661, 4, 3, '2025-07-12', 5, 1585.00, 7925.00),
(2662, 4, 7, '2023-08-17', 14, 1921.00, 26894.00),
(2663, 4, 8, '2023-08-21', 8, 1810.00, 14480.00),
(2664, 4, 5, '2021-03-06', 6, 1353.00, 8118.00),
(2665, 4, 2, '2023-09-23', 9, 1758.00, 15822.00),
(2666, 4, 1, '2025-10-09', 13, 1311.00, 17043.00),
(2667, 5, 2, '2023-02-13', 6, 1737.00, 10422.00),
(2668, 5, 2, '2022-03-11', 14, 1452.00, 20328.00),
(2669, 5, 3, '2023-11-04', 5, 1675.00, 8375.00),
(2670, 5, 3, '2023-05-05', 11, 1757.00, 19327.00),
(2671, 6, 7, '2022-10-06', 5, 1464.00, 7320.00),
(2672, 6, 3, '2022-04-16', 14, 1020.00, 14280.00),
(2673, 7, 2, '2023-10-14', 14, 1163.00, 16282.00),
(2674, 7, 7, '2025-11-26', 11, 1661.00, 18271.00),
(2675, 7, 2, '2021-09-19', 6, 1432.00, 8592.00),
(2676, 7, 1, '2024-01-08', 13, 1018.00, 13234.00),
(2677, 7, 6, '2023-05-11', 8, 1945.00, 15560.00),
(2678, 8, 8, '2025-10-14', 10, 1475.00, 14750.00),
(2679, 8, 8, '2022-03-05', 7, 1842.00, 12894.00),
(2680, 8, 5, '2022-01-30', 6, 1170.00, 7020.00),
(2681, 8, 3, '2025-05-12', 13, 1539.00, 20007.00),
(2682, 8, 5, '2025-10-18', 11, 1735.00, 19085.00),
(2683, 8, 3, '2025-11-09', 9, 1945.00, 17505.00),
(2684, 9, 6, '2022-09-01', 15, 1789.00, 26835.00),
(2685, 9, 2, '2023-03-02', 14, 1817.00, 25438.00),
(2686, 9, 5, '2023-10-22', 14, 1893.00, 26502.00),
(2687, 9, 8, '2022-09-11', 12, 1628.00, 19536.00),
(2688, 9, 1, '2023-02-11', 15, 1016.00, 15240.00),
(2689, 9, 2, '2021-10-01', 11, 1137.00, 12507.00),
(2690, 9, 2, '2024-04-18', 9, 1272.00, 11448.00),
(2691, 10, 7, '2022-10-09', 15, 1494.00, 22410.00),
(2692, 10, 6, '2022-11-13', 14, 1476.00, 20664.00),
(2693, 10, 8, '2024-08-21', 14, 1259.00, 17626.00),
(2694, 10, 3, '2023-04-05', 12, 1728.00, 20736.00),
(2695, 10, 7, '2023-11-23', 13, 1653.00, 21489.00),
(2696, 10, 6, '2021-12-15', 13, 1878.00, 24414.00),
(2697, 10, 2, '2024-03-13', 5, 1798.00, 8990.00),
(2698, 10, 7, '2022-06-11', 10, 1096.00, 10960.00),
(2699, 10, 1, '2021-08-31', 9, 1914.00, 17226.00),
(2700, 10, 4, '2024-10-15', 7, 1211.00, 8477.00),
(2701, 11, 5, '2024-06-26', 11, 1511.00, 16621.00),
(2702, 11, 1, '2023-09-02', 10, 1523.00, 15230.00),
(2703, 11, 3, '2021-07-23', 5, 1524.00, 7620.00),
(2704, 11, 3, '2024-01-12', 10, 1258.00, 12580.00),
(2705, 11, 3, '2025-09-30', 8, 1335.00, 10680.00),
(2706, 11, 3, '2025-04-09', 11, 1442.00, 15862.00),
(2707, 12, 1, '2025-01-25', 15, 1097.00, 16455.00),
(2708, 12, 5, '2023-04-30', 13, 1985.00, 25805.00),
(2709, 13, 4, '2021-06-03', 10, 1701.00, 17010.00),
(2710, 13, 8, '2021-02-13', 8, 1574.00, 12592.00),
(2711, 13, 6, '2024-01-27', 9, 1425.00, 12825.00),
(2712, 13, 6, '2023-05-14', 14, 1115.00, 15610.00),
(2713, 13, 1, '2021-12-22', 13, 1377.00, 17901.00),
(2714, 13, 5, '2023-09-19', 14, 1235.00, 17290.00),
(2715, 13, 7, '2021-08-04', 7, 1572.00, 11004.00),
(2716, 13, 5, '2024-03-19', 9, 1804.00, 16236.00),
(2717, 13, 7, '2021-01-15', 10, 1955.00, 19550.00),
(2718, 13, 7, '2021-01-02', 14, 1282.00, 17948.00),
(2719, 14, 2, '2022-09-11', 7, 1554.00, 10878.00),
(2720, 14, 2, '2025-05-03', 5, 1667.00, 8335.00),
(2721, 14, 7, '2021-11-17', 8, 1114.00, 8912.00),
(2722, 14, 4, '2023-01-25', 11, 1637.00, 18007.00),
(2723, 14, 3, '2025-04-26', 6, 1995.00, 11970.00),
(2724, 14, 1, '2024-03-10', 11, 1950.00, 21450.00),
(2725, 14, 2, '2022-10-05', 5, 1009.00, 5045.00),
(2726, 15, 7, '2022-03-31', 8, 1031.00, 8248.00),
(2727, 15, 8, '2023-10-01', 5, 1654.00, 8270.00),
(2728, 15, 2, '2023-08-01', 15, 1772.00, 26580.00),
(2729, 15, 1, '2025-06-28', 5, 1076.00, 5380.00),
(2730, 16, 7, '2022-07-03', 11, 1385.00, 15235.00),
(2731, 16, 1, '2025-11-27', 11, 1759.00, 19349.00),
(2732, 17, 6, '2025-05-09', 10, 1422.00, 14220.00),
(2733, 17, 3, '2022-09-10', 13, 1056.00, 13728.00),
(2734, 17, 1, '2025-08-23', 10, 1230.00, 12300.00),
(2735, 17, 8, '2022-11-04', 10, 1897.00, 18970.00),
(2736, 17, 5, '2022-04-11', 15, 1620.00, 24300.00),
(2737, 18, 5, '2022-09-16', 6, 1432.00, 8592.00),
(2738, 18, 5, '2025-09-19', 14, 1842.00, 25788.00),
(2739, 18, 7, '2025-04-28', 15, 1281.00, 19215.00),
(2740, 18, 8, '2022-07-25', 9, 1861.00, 16749.00),
(2741, 18, 4, '2023-01-04', 7, 1523.00, 10661.00),
(2742, 19, 8, '2024-09-08', 5, 1732.00, 8660.00),
(2743, 19, 1, '2023-03-25', 9, 1541.00, 13869.00),
(2744, 19, 5, '2025-07-03', 10, 1196.00, 11960.00),
(2745, 19, 2, '2024-07-01', 15, 1119.00, 16785.00),
(2746, 19, 6, '2021-07-08', 13, 1674.00, 21762.00),
(2747, 19, 7, '2024-08-21', 5, 1766.00, 8830.00),
(2748, 19, 5, '2024-08-09', 6, 1766.00, 10596.00),
(2749, 19, 6, '2021-06-17', 9, 1515.00, 13635.00),
(2750, 19, 3, '2023-01-11', 8, 1141.00, 9128.00),
(2751, 20, 8, '2021-02-08', 12, 1300.00, 15600.00),
(2752, 20, 3, '2024-08-13', 12, 1947.00, 23364.00),
(2753, 20, 7, '2024-04-12', 9, 1355.00, 12195.00),
(2754, 21, 7, '2022-06-18', 13, 1576.00, 20488.00),
(2755, 21, 7, '2024-11-23', 7, 1383.00, 9681.00),
(2756, 21, 3, '2021-08-03', 11, 1050.00, 11550.00),
(2757, 22, 7, '2024-09-14', 5, 1915.00, 9575.00),
(2758, 22, 7, '2022-09-30', 9, 1050.00, 9450.00),
(2759, 22, 8, '2025-08-01', 5, 1290.00, 6450.00),
(2760, 23, 7, '2025-06-05', 5, 1020.00, 5100.00),
(2761, 23, 4, '2024-12-19', 5, 1021.00, 5105.00),
(2762, 23, 1, '2024-05-04', 6, 1808.00, 10848.00),
(2763, 23, 7, '2021-12-03', 12, 1981.00, 23772.00),
(2764, 23, 5, '2024-08-04', 10, 1725.00, 17250.00),
(2765, 23, 4, '2022-04-06', 11, 1059.00, 11649.00),
(2766, 23, 3, '2025-10-27', 15, 1411.00, 21165.00),
(2767, 23, 8, '2024-10-20', 7, 1188.00, 8316.00),
(2768, 23, 2, '2021-01-18', 15, 1184.00, 17760.00),
(2769, 24, 7, '2021-06-03', 14, 1824.00, 25536.00),
(2770, 24, 8, '2025-01-14', 11, 1181.00, 12991.00),
(2771, 24, 4, '2024-02-28', 11, 1495.00, 16445.00),
(2772, 25, 6, '2022-09-29', 11, 1451.00, 15961.00),
(2773, 25, 2, '2023-07-09', 12, 1437.00, 17244.00),
(2774, 25, 8, '2025-07-11', 15, 1569.00, 23535.00),
(2775, 25, 7, '2025-04-25', 15, 1690.00, 25350.00),
(2776, 25, 2, '2023-08-19', 8, 1656.00, 13248.00),
(2777, 25, 2, '2025-07-09', 9, 1478.00, 13302.00),
(2778, 25, 4, '2021-05-07', 7, 1301.00, 9107.00),
(2779, 25, 3, '2025-11-20', 9, 1938.00, 17442.00),
(2780, 25, 7, '2022-08-31', 7, 1358.00, 9506.00),
(2781, 26, 4, '2023-11-22', 12, 1444.00, 17328.00),
(2782, 26, 5, '2022-02-17', 14, 1972.00, 27608.00),
(2783, 26, 4, '2021-05-31', 11, 1320.00, 14520.00),
(2784, 26, 7, '2021-11-10', 8, 1193.00, 9544.00),
(2785, 26, 6, '2025-10-19', 6, 1155.00, 6930.00),
(2786, 26, 4, '2021-03-23', 15, 1662.00, 24930.00),
(2787, 26, 6, '2022-10-04', 14, 1875.00, 26250.00),
(2788, 26, 3, '2025-07-31', 9, 1126.00, 10134.00),
(2789, 26, 8, '2021-02-06', 10, 1914.00, 19140.00),
(2790, 27, 5, '2022-11-24', 15, 1005.00, 15075.00),
(2791, 27, 2, '2024-11-18', 12, 1322.00, 15864.00),
(2792, 27, 3, '2024-03-05', 8, 1283.00, 10264.00),
(2793, 27, 1, '2025-07-11', 14, 1716.00, 24024.00),
(2794, 27, 5, '2022-08-18', 6, 1874.00, 11244.00),
(2795, 27, 6, '2024-02-01', 13, 1270.00, 16510.00),
(2796, 27, 6, '2023-08-22', 8, 1956.00, 15648.00),
(2797, 28, 6, '2023-08-27', 12, 1398.00, 16776.00),
(2798, 28, 4, '2022-09-03', 12, 1532.00, 18384.00),
(2799, 28, 5, '2025-10-04', 6, 1104.00, 6624.00),
(2800, 28, 5, '2023-07-30', 7, 1735.00, 12145.00),
(2801, 28, 1, '2025-08-27', 6, 1910.00, 11460.00),
(2802, 28, 5, '2024-08-01', 5, 1373.00, 6865.00),
(2803, 28, 5, '2025-02-04', 15, 1904.00, 28560.00),
(2804, 29, 2, '2025-09-24', 7, 1452.00, 10164.00),
(2805, 29, 8, '2025-02-26', 11, 1899.00, 20889.00),
(2806, 29, 4, '2024-03-08', 9, 1285.00, 11565.00),
(2807, 29, 5, '2025-10-02', 15, 1301.00, 19515.00),
(2808, 29, 7, '2023-04-10', 14, 1454.00, 20356.00),
(2809, 30, 5, '2025-02-03', 5, 1510.00, 7550.00),
(2810, 30, 7, '2023-10-13', 9, 1234.00, 11106.00),
(2811, 30, 3, '2024-01-25', 14, 1755.00, 24570.00),
(2812, 30, 6, '2023-09-11', 7, 1988.00, 13916.00),
(2813, 30, 5, '2021-12-04', 11, 1400.00, 15400.00),
(2814, 30, 4, '2021-02-19', 15, 1026.00, 15390.00),
(2815, 30, 4, '2023-03-17', 8, 1810.00, 14480.00),
(2816, 30, 7, '2022-03-19', 15, 1782.00, 26730.00),
(2817, 31, 2, '2021-07-04', 15, 1260.00, 18900.00),
(2818, 31, 8, '2024-08-11', 6, 1270.00, 7620.00),
(2819, 31, 7, '2021-12-23', 7, 1050.00, 7350.00),
(2820, 31, 2, '2022-12-02', 12, 1959.00, 23508.00),
(2821, 31, 8, '2023-01-31', 11, 1022.00, 11242.00),
(2822, 31, 5, '2023-09-06', 13, 1953.00, 25389.00),
(2823, 31, 3, '2025-12-17', 12, 1674.00, 20088.00),
(2824, 31, 7, '2021-03-06', 8, 1325.00, 10600.00),
(2825, 31, 2, '2023-04-02', 11, 1264.00, 13904.00),
(2826, 32, 5, '2025-02-28', 11, 1499.00, 16489.00),
(2827, 32, 1, '2025-06-24', 7, 1232.00, 8624.00),
(2828, 32, 1, '2023-05-15', 15, 1873.00, 28095.00),
(2829, 32, 3, '2021-10-11', 14, 1205.00, 16870.00),
(2830, 32, 2, '2023-12-30', 5, 1446.00, 7230.00),
(2831, 32, 3, '2024-12-05', 12, 1125.00, 13500.00),
(2832, 32, 5, '2024-08-03', 12, 1817.00, 21804.00),
(2833, 33, 4, '2022-08-30', 8, 1765.00, 14120.00),
(2834, 33, 6, '2022-02-18', 7, 1774.00, 12418.00),
(2835, 34, 6, '2022-12-29', 12, 1661.00, 19932.00),
(2836, 34, 4, '2021-04-20', 10, 1016.00, 10160.00),
(2837, 34, 3, '2024-02-12', 11, 1431.00, 15741.00),
(2838, 34, 6, '2024-07-22', 8, 1369.00, 10952.00),
(2839, 34, 6, '2021-07-25', 14, 1055.00, 14770.00),
(2840, 35, 2, '2025-09-29', 10, 1111.00, 11110.00),
(2841, 35, 3, '2021-02-20', 15, 1217.00, 18255.00),
(2842, 35, 2, '2021-11-03', 6, 1119.00, 6714.00),
(2843, 35, 3, '2021-08-09', 8, 1950.00, 15600.00),
(2844, 35, 8, '2024-06-21', 13, 1817.00, 23621.00),
(2845, 35, 1, '2023-08-03', 13, 1316.00, 17108.00),
(2846, 35, 2, '2021-02-02', 6, 1829.00, 10974.00),
(2847, 36, 5, '2024-07-05', 7, 1546.00, 10822.00),
(2848, 36, 1, '2021-01-25', 8, 1390.00, 11120.00),
(2849, 36, 6, '2022-11-05', 12, 1447.00, 17364.00),
(2850, 37, 5, '2023-05-07', 7, 1784.00, 12488.00),
(2851, 37, 1, '2023-06-24', 6, 1938.00, 11628.00),
(2852, 37, 6, '2021-09-15', 12, 1947.00, 23364.00),
(2853, 38, 7, '2023-06-23', 13, 1563.00, 20319.00),
(2854, 38, 4, '2023-05-19', 12, 1559.00, 18708.00),
(2855, 38, 4, '2024-07-31', 7, 1259.00, 8813.00),
(2856, 38, 4, '2023-04-23', 12, 1731.00, 20772.00),
(2857, 38, 7, '2025-11-20', 5, 1255.00, 6275.00),
(2858, 38, 2, '2022-07-14', 13, 1086.00, 14118.00),
(2859, 39, 5, '2021-02-19', 15, 1936.00, 29040.00),
(2860, 39, 6, '2022-06-22', 6, 1620.00, 9720.00),
(2861, 39, 5, '2022-12-05', 7, 1723.00, 12061.00),
(2862, 39, 4, '2023-03-17', 8, 1677.00, 13416.00),
(2863, 39, 5, '2023-11-25', 11, 1630.00, 17930.00),
(2864, 39, 2, '2023-11-05', 9, 1831.00, 16479.00),
(2865, 39, 7, '2023-10-07', 8, 1198.00, 9584.00),
(2866, 39, 2, '2023-05-31', 12, 1571.00, 18852.00),
(2867, 40, 8, '2024-06-12', 6, 1623.00, 9738.00),
(2868, 40, 1, '2025-09-29', 5, 1345.00, 6725.00),
(2869, 40, 8, '2021-06-06', 13, 1425.00, 18525.00),
(2870, 40, 5, '2021-07-01', 8, 1806.00, 14448.00),
(2871, 40, 5, '2022-06-13', 11, 1601.00, 17611.00),
(2872, 40, 2, '2025-01-02', 12, 1929.00, 23148.00),
(2873, 41, 3, '2023-09-04', 11, 1181.00, 12991.00),
(2874, 41, 3, '2025-08-19', 8, 1007.00, 8056.00),
(2875, 41, 6, '2025-12-05', 13, 1308.00, 17004.00),
(2876, 41, 7, '2024-03-11', 10, 1247.00, 12470.00),
(2877, 41, 8, '2024-10-12', 8, 1043.00, 8344.00),
(2878, 41, 7, '2025-01-18', 8, 1424.00, 11392.00),
(2879, 41, 5, '2025-10-24', 9, 1564.00, 14076.00),
(2880, 41, 4, '2023-01-25', 11, 1327.00, 14597.00),
(2881, 41, 5, '2021-10-23', 8, 1834.00, 14672.00),
(2882, 42, 1, '2022-10-11', 14, 1778.00, 24892.00),
(2883, 42, 3, '2023-10-15', 9, 1894.00, 17046.00),
(2884, 42, 4, '2023-11-02', 10, 1586.00, 15860.00),
(2885, 42, 4, '2022-03-15', 8, 1688.00, 13504.00),
(2886, 42, 4, '2022-11-16', 14, 1402.00, 19628.00),
(2887, 42, 2, '2023-05-02', 8, 1018.00, 8144.00),
(2888, 42, 1, '2021-08-24', 9, 1912.00, 17208.00),
(2889, 43, 6, '2021-06-09', 7, 1758.00, 12306.00),
(2890, 43, 5, '2025-08-01', 14, 1991.00, 27874.00),
(2891, 44, 7, '2024-10-10', 14, 1177.00, 16478.00),
(2892, 44, 4, '2024-08-17', 11, 1908.00, 20988.00),
(2893, 44, 6, '2021-06-27', 12, 1840.00, 22080.00),
(2894, 44, 3, '2025-04-24', 15, 1432.00, 21480.00),
(2895, 44, 5, '2023-03-14', 15, 1610.00, 24150.00),
(2896, 44, 3, '2025-07-01', 12, 1517.00, 18204.00),
(2897, 44, 5, '2021-11-06', 9, 1554.00, 13986.00),
(2898, 44, 7, '2025-06-13', 13, 1247.00, 16211.00),
(2899, 44, 5, '2024-05-04', 11, 1828.00, 20108.00),
(2900, 45, 8, '2023-06-13', 14, 1059.00, 14826.00),
(2901, 45, 4, '2024-08-18', 11, 1260.00, 13860.00),
(2902, 45, 2, '2022-03-31', 7, 1330.00, 9310.00),
(2903, 45, 7, '2024-08-11', 5, 1252.00, 6260.00),
(2904, 46, 2, '2021-06-04', 15, 1919.00, 28785.00),
(2905, 46, 7, '2023-09-24', 8, 1433.00, 11464.00),
(2906, 46, 1, '2021-02-13', 9, 1902.00, 17118.00),
(2907, 46, 6, '2023-12-09', 6, 1758.00, 10548.00),
(2908, 46, 6, '2023-03-12', 9, 1596.00, 14364.00),
(2909, 46, 3, '2023-07-13', 9, 1371.00, 12339.00),
(2910, 47, 5, '2022-02-05', 15, 1864.00, 27960.00),
(2911, 47, 1, '2022-02-28', 5, 1575.00, 7875.00),
(2912, 47, 3, '2023-08-01', 6, 1685.00, 10110.00),
(2913, 47, 1, '2024-06-20', 15, 1691.00, 25365.00),
(2914, 47, 3, '2024-11-30', 13, 1232.00, 16016.00),
(2915, 48, 1, '2024-10-12', 12, 1344.00, 16128.00),
(2916, 48, 5, '2025-11-27', 9, 1153.00, 10377.00),
(2917, 48, 3, '2021-07-15', 13, 1448.00, 18824.00),
(2918, 48, 3, '2022-09-30', 10, 1168.00, 11680.00),
(2919, 49, 6, '2024-05-09', 5, 1406.00, 7030.00),
(2920, 49, 3, '2022-10-15', 8, 1580.00, 12640.00),
(2921, 49, 1, '2025-01-16', 5, 1642.00, 8210.00),
(2922, 49, 5, '2025-03-07', 13, 1548.00, 20124.00),
(2923, 49, 8, '2022-02-26', 8, 1309.00, 10472.00),
(2924, 49, 7, '2025-08-04', 11, 1743.00, 19173.00),
(2925, 50, 3, '2024-07-15', 5, 1943.00, 9715.00),
(2926, 50, 5, '2021-07-26', 6, 1661.00, 9966.00),
(2927, 50, 8, '2025-07-25', 7, 1552.00, 10864.00),
(2928, 50, 6, '2024-08-31', 13, 1646.00, 21398.00),
(2929, 50, 4, '2025-11-13', 8, 1527.00, 12216.00),
(2930, 51, 4, '2021-12-28', 12, 1770.00, 21240.00),
(2931, 51, 5, '2025-07-03', 13, 1967.00, 25571.00),
(2932, 52, 8, '2021-08-06', 10, 1955.00, 19550.00),
(2933, 52, 5, '2024-08-24', 13, 1888.00, 24544.00),
(2934, 52, 1, '2024-08-05', 6, 1394.00, 8364.00),
(2935, 52, 1, '2025-04-18', 5, 1783.00, 8915.00),
(2936, 52, 1, '2022-01-16', 13, 1423.00, 18499.00),
(2937, 53, 1, '2022-01-18', 8, 1187.00, 9496.00),
(2938, 53, 8, '2023-04-27', 8, 1824.00, 14592.00),
(2939, 53, 7, '2023-03-09', 7, 1075.00, 7525.00),
(2940, 53, 4, '2025-11-18', 9, 1554.00, 13986.00),
(2941, 53, 4, '2025-01-30', 15, 1675.00, 25125.00),
(2942, 53, 5, '2022-06-16', 5, 1601.00, 8005.00),
(2943, 53, 4, '2021-09-01', 10, 1270.00, 12700.00),
(2944, 53, 4, '2024-08-21', 12, 1975.00, 23700.00),
(2945, 53, 7, '2025-05-28', 12, 1809.00, 21708.00),
(2946, 53, 6, '2024-01-16', 12, 1553.00, 18636.00),
(2947, 54, 2, '2024-05-27', 10, 1038.00, 10380.00),
(2948, 54, 6, '2021-11-22', 7, 1261.00, 8827.00),
(2949, 55, 4, '2022-10-10', 12, 1016.00, 12192.00),
(2950, 55, 6, '2021-04-29', 6, 1597.00, 9582.00),
(2951, 55, 2, '2021-12-17', 11, 1828.00, 20108.00),
(2952, 56, 3, '2022-05-13', 14, 1028.00, 14392.00),
(2953, 56, 7, '2021-01-28', 6, 1327.00, 7962.00),
(2954, 57, 2, '2024-04-15', 8, 1740.00, 13920.00),
(2955, 57, 5, '2022-10-18', 14, 1660.00, 23240.00),
(2956, 57, 6, '2025-01-24', 5, 1946.00, 9730.00),
(2957, 57, 5, '2024-04-23', 11, 1124.00, 12364.00),
(2958, 57, 8, '2022-07-10', 6, 1744.00, 10464.00),
(2959, 58, 8, '2025-06-22', 9, 1865.00, 16785.00),
(2960, 58, 5, '2021-04-12', 15, 1179.00, 17685.00),
(2961, 59, 4, '2022-04-16', 9, 1359.00, 12231.00),
(2962, 59, 6, '2021-06-29', 14, 1545.00, 21630.00),
(2963, 59, 5, '2021-04-12', 7, 1583.00, 11081.00),
(2964, 59, 7, '2022-04-19', 15, 1470.00, 22050.00),
(2965, 59, 6, '2024-08-01', 13, 1948.00, 25324.00),
(2966, 59, 3, '2024-07-30', 10, 1204.00, 12040.00),
(2967, 59, 4, '2025-11-28', 10, 1666.00, 16660.00);

-- --------------------------------------------------------

--
-- Tablo için tablo yapısı `segmentler`
--

DROP TABLE IF EXISTS `segmentler`;
CREATE TABLE IF NOT EXISTS `segmentler` (
  `segment_id` int NOT NULL AUTO_INCREMENT,
  `segment_adi` varchar(50) COLLATE utf8mb4_turkish_ci DEFAULT NULL,
  PRIMARY KEY (`segment_id`)
) ENGINE=InnoDB AUTO_INCREMENT=8 DEFAULT CHARSET=utf8mb4 COLLATE=utf8mb4_turkish_ci;

--
-- Tablo döküm verisi `segmentler`
--

INSERT INTO `segmentler` (`segment_id`, `segment_adi`) VALUES
(1, 'Ekonomik'),
(2, 'Orta'),
(3, 'SUV'),
(4, 'Minibüs'),
(5, 'Üst'),
(6, 'Lüks'),
(7, 'Elektrikli Araç');

-- --------------------------------------------------------

--
-- Tablo için tablo yapısı `subeler`
--

DROP TABLE IF EXISTS `subeler`;
CREATE TABLE IF NOT EXISTS `subeler` (
  `sube_id` int NOT NULL AUTO_INCREMENT,
  `sube_adi` varchar(100) COLLATE utf8mb4_turkish_ci NOT NULL,
  PRIMARY KEY (`sube_id`)
) ENGINE=InnoDB AUTO_INCREMENT=10 DEFAULT CHARSET=utf8mb4 COLLATE=utf8mb4_turkish_ci;

--
-- Tablo döküm verisi `subeler`
--

INSERT INTO `subeler` (`sube_id`, `sube_adi`) VALUES
(1, 'Adnan Menderes Havaalanı'),
(2, 'Karşıyaka '),
(3, 'Alsancak'),
(4, 'Urla'),
(5, 'Selçuk'),
(6, 'Bayraklı'),
(7, 'Çeşme'),
(8, 'Balçova Agora AVM');

-- --------------------------------------------------------

--
-- Tablo için tablo yapısı `yakitlar`
--

DROP TABLE IF EXISTS `yakitlar`;
CREATE TABLE IF NOT EXISTS `yakitlar` (
  `yakit_id` int NOT NULL AUTO_INCREMENT,
  `yakit_turu` varchar(255) COLLATE utf8mb4_turkish_ci DEFAULT NULL,
  PRIMARY KEY (`yakit_id`)
) ENGINE=InnoDB AUTO_INCREMENT=5 DEFAULT CHARSET=utf8mb4 COLLATE=utf8mb4_turkish_ci;

--
-- Tablo döküm verisi `yakitlar`
--

INSERT INTO `yakitlar` (`yakit_id`, `yakit_turu`) VALUES
(1, 'Benzin'),
(2, 'Dizel'),
(3, 'Hybrid'),
(4, 'Elektrik');

--
-- Dökümü yapılmış tablolar için kısıtlamalar
--

--
-- Tablo kısıtlamaları `araclar`
--
ALTER TABLE `araclar`
  ADD CONSTRAINT `araclar_ibfk_1` FOREIGN KEY (`yakit_id`) REFERENCES `yakitlar` (`yakit_id`) ON DELETE CASCADE ON UPDATE CASCADE,
  ADD CONSTRAINT `araclar_ibfk_2` FOREIGN KEY (`segment_id`) REFERENCES `segmentler` (`segment_id`) ON DELETE CASCADE ON UPDATE CASCADE;

--
-- Tablo kısıtlamaları `bakim`
--
ALTER TABLE `bakim`
  ADD CONSTRAINT `bakim_ibfk_1` FOREIGN KEY (`arac_id`) REFERENCES `araclar` (`arac_id`) ON DELETE CASCADE ON UPDATE CASCADE;

--
-- Tablo kısıtlamaları `filo`
--
ALTER TABLE `filo`
  ADD CONSTRAINT `filo_ibfk_1` FOREIGN KEY (`sube_id`) REFERENCES `subeler` (`sube_id`) ON DELETE CASCADE ON UPDATE CASCADE,
  ADD CONSTRAINT `filo_ibfk_2` FOREIGN KEY (`arac_id`) REFERENCES `araclar` (`arac_id`) ON DELETE CASCADE ON UPDATE CASCADE;

--
-- Tablo kısıtlamaları `kiralama`
--
ALTER TABLE `kiralama`
  ADD CONSTRAINT `kiralama_ibfk_1` FOREIGN KEY (`arac_id`) REFERENCES `araclar` (`arac_id`) ON DELETE CASCADE ON UPDATE CASCADE,
  ADD CONSTRAINT `kiralama_ibfk_2` FOREIGN KEY (`sube_id`) REFERENCES `subeler` (`sube_id`) ON DELETE CASCADE ON UPDATE CASCADE;
COMMIT;

/*!40101 SET CHARACTER_SET_CLIENT=@OLD_CHARACTER_SET_CLIENT */;
/*!40101 SET CHARACTER_SET_RESULTS=@OLD_CHARACTER_SET_RESULTS */;
/*!40101 SET COLLATION_CONNECTION=@OLD_COLLATION_CONNECTION */;
